compound_name,atom_index,atom_symbol,atomic_number,degree,formal_charge,valence,hybridization,is_aromatic,is_in_ring,ring_size,num_hydrogens,neighbor_c,neighbor_n,neighbor_o,neighbor_halogen,aromatic_neighbors,single_bonds,double_bonds,triple_bonds,gasteiger_charge,mean_neighbor_charge,max_neighbor_charge,min_neighbor_charge,PC1_raw,PC2_raw,PC1_scaled,PC2_scaled,cluster,cluster_name
Naproxen (Racemate),0,C,6,1,0,4,3,0,0,0,3,0,0,1,0,0,1,0,0,0.07750708225032314,-0.4967451042461023,-0.4967451042461023,-0.4967451042461023,-3.6880399909212467,-0.5943559417423967,0.279519182719148,-5.0275347916258,3,Heteroatom-Adjacent Carbon
Naproxen (Racemate),1,O,8,2,0,2,2,0,0,0,0,2,0,0,0,1,2,0,0,-0.4967451042461023,0.09825323083080656,0.11899937941128998,0.07750708225032314,-3.335597325607747,0.15297776726066115,-2.758915998177792,1.303402298958363,2,Electron-Rich Heteroatom
Naproxen (Racemate),2,C,6,3,0,4,2,1,1,6,0,2,0,1,0,2,1,0,0,0.11899937941128998,-0.17606926012413016,-0.012117409376485505,-0.4967451042461023,3.108131373463951,0.655074078635117,3.362503567146694,-1.4136567095583359,7,Activated Aromatic/Heteroaromatic
Naproxen (Racemate),3,C,6,2,0,4,2,1,1,6,1,2,0,0,0,2,0,0,0,-0.019345266749802616,0.034154672642756165,0.11899937941128998,-0.05069003412577764,3.1505779643464265,-0.7143017874463458,1.6401660504355313,1.6459641181552203,0,Aromatic Carbon
Naproxen (Racemate),4,C,6,2,0,4,2,1,1,6,1,2,0,0,0,2,0,0,0,-0.05069003412577764,-0.018589042192540643,-0.017832817635278667,-0.019345266749802616,3.1522478536628395,-0.7153728168627405,1.8819048001801986,1.4864330288002796,0,Aromatic Carbon
Naproxen (Racemate),5,C,6,3,0,4,2,1,1,6,0,3,0,0,0,3,0,0,0,-0.017832817635278667,-0.0385625240833677,-0.014701489682021975,-0.05069003412577764,3.63345581427748,0.01835411475152915,2.9984501886352266,1.59032079593473,0,Aromatic Carbon
Naproxen (Racemate),6,C,6,2,0,4,2,1,1,6,1,2,0,0,0,2,0,0,0,-0.05029604844230349,-0.02565086629529991,-0.017832817635278667,-0.03346891495532115,3.1524998885335296,-0.7137066424650342,1.9144936338376555,1.4420852667807864,0,Aromatic Carbon
Naproxen (Racemate),7,C,6,3,0,4,2,1,1,6,0,3,0,0,0,2,1,0,0,-0.03346891495532115,-0.009652949246528424,0.07888074829045653,-0.05754354758773832,3.26033449739062,0.8023153542138912,2.335129023302363,1.2173844594707801,0,Aromatic Carbon
Naproxen (Racemate),8,C,6,3,0,4,3,0,0,0,1,3,0,0,0,1,3,0,0,0.07888074829045653,0.07631728818621981,0.31018572532324495,-0.04776494580926435,-3.0887313408852455,2.477506261673188,-1.049414479784218,-1.2578712219344454,5,Saturated Ring Atom
Naproxen (Racemate),9,C,6,1,0,4,3,0,0,0,3,1,0,0,0,0,1,0,0,-0.04776494580926435,0.07888074829045653,0.07888074829045653,0.07888074829045653,-3.548073294378717,-0.483012495103067,-2.4701796507228515,-0.6657966052923484,1,Aliphatic sp3 Atom
Naproxen (Racemate),10,C,6,3,0,4,2,0,0,0,0,1,0,2,0,0,2,1,0,0.31018572532324495,-0.21788873419632868,0.07888074829045653,-0.48078849988584493,-3.47687134257698,1.3422760273478476,-0.025493632554489578,-5.282836940399105,4,Carbonyl Carbon
Naproxen (Racemate),11,O,8,1,0,2,2,0,0,0,0,1,0,0,0,0,0,1,0,-0.25175845099359756,0.31018572532324495,0.31018572532324495,0.31018572532324495,-3.5998599006968717,-2.024778146226797,-4.681965536642069,1.957193403752897,6,Carbonyl Oxygen
Naproxen (Racemate),12,O,8,1,0,2,2,0,0,0,1,1,0,0,0,0,1,0,0,-0.48078849988584493,0.31018572532324495,0.31018572532324495,0.31018572532324495,-3.693761021793915,-1.3073447700112202,-4.662678644463766,2.496517832295626,2,Electron-Rich Heteroatom
Naproxen (Racemate),13,C,6,2,0,4,2,1,1,6,1,2,0,0,0,2,0,0,0,-0.05754354758773832,-0.043707414552941914,-0.03346891495532115,-0.053945914150562685,3.153075821271742,-0.7112950170405199,1.9917010920570313,1.3571204449170111,0,Aromatic Carbon
Naproxen (Racemate),14,C,6,2,0,4,2,1,1,6,1,2,0,0,0,2,0,0,0,-0.053945914150562685,-0.03612251863488015,-0.014701489682021975,-0.05754354758773832,3.1528273141113465,-0.711278711992779,1.9559939834652118,1.3825890378767376,0,Aromatic Carbon
Naproxen (Racemate),15,C,6,3,0,4,2,1,1,6,0,3,0,0,0,3,0,0,0,-0.014701489682021975,-0.027965380387442285,-0.012117409376485505,-0.053945914150562685,3.6333726083485485,0.018295959202704992,2.9823489395964313,1.6057186362285998,0,Aromatic Carbon
Naproxen (Racemate),16,C,6,2,0,4,2,1,1,6,1,2,0,0,0,2,0,0,0,-0.012117409376485505,0.052148944864634,0.11899937941128998,-0.014701489682021975,3.1500196802901903,-0.7179699306929095,1.568381653143327,1.7422463142047853,0,Aromatic Carbon
Paracetamol,0,C,6,1,0,4,3,0,0,0,3,1,0,0,0,0,1,0,0,0.015186599502443558,0.22074743631242583,0.22074743631242583,0.22074743631242583,-3.5525560618988306,-0.49999449940313045,-3.0748510704509937,-0.024634427888061448,1,Aliphatic sp3 Atom
Paracetamol,1,C,6,3,0,4,2,0,0,0,0,1,1,1,0,0,2,1,0,0.22074743631242583,-0.19541002176089117,0.015186599502443558,-0.3263344799019893,-3.4397514798841318,1.2645789083030463,-0.10868947812849027,-4.474402268072439,4,Carbonyl Carbon
Paracetamol,2,O,8,1,0,2,2,0,0,0,0,1,0,0,0,0,0,1,0,-0.2750821848831278,0.22074743631242583,0.22074743631242583,0.22074743631242583,-3.5968669559640656,-2.012924166494172,-4.278383306401258,1.5197421049567648,6,Carbonyl Oxygen
Paracetamol,3,N,7,2,0,3,2,0,0,0,1,2,0,0,0,1,2,0,0,-0.3263344799019893,0.1308340124575214,0.22074743631242583,0.04092058860261702,-3.232431828200238,0.4716931460844487,-2.3087712742344193,0.82409750317966,2,Electron-Rich Heteroatom
Paracetamol,4,C,6,3,0,4,2,1,1,6,0,2,1,0,0,2,1,0,0,0.04092058860261702,-0.13202056938363224,-0.034863614124453705,-0.3263344799019893,3.144405037907466,0.5752529348931121,3.1654296645473825,-0.4995948174476745,7,Activated Aromatic/Heteroaromatic
Paracetamol,5,C,6,2,0,4,2,1,1,6,1,2,0,0,0,2,0,0,0,-0.034863614124453705,0.011378380646060433,0.04092058860261702,-0.018163827310496154,3.1512978783552845,-0.7164453393106727,1.7481207842115023,1.595264630077524,0,Aromatic Carbon
Paracetamol,6,C,6,2,0,4,2,1,1,6,1,2,0,0,0,2,0,0,0,-0.018163827310496154,0.04018190099256866,0.11522741610959102,-0.034863614124453705,3.1503821059182227,-0.7159236625033776,1.6156733549711455,1.6835450506692196,0,Aromatic Carbon
Paracetamol,7,C,6,3,0,4,2,1,1,6,0,2,0,1,0,2,1,0,0,0.11522741610959102,-0.18143065680452353,-0.018163827310496154,-0.5079643157925783,3.10836495978995,0.6561523555018809,3.3922247537115493,-1.4470136738317965,7,Activated Aromatic/Heteroaromatic
Paracetamol,8,O,8,1,0,2,2,0,0,0,1,1,0,0,0,1,1,0,0,-0.5079643157925783,0.11522741610959102,0.11522741610959102,0.11522741610959102,-3.4451084617161096,-1.366418702987374,-3.4053394190754767,1.7281616653677363,2,Electron-Rich Heteroatom
Paracetamol,9,C,6,2,0,4,2,1,1,6,1,2,0,0,0,2,0,0,0,-0.018163827310496154,0.04018190099256866,0.11522741610959102,-0.034863614124453705,3.1503821059182227,-0.7159236625033776,1.6156733549711455,1.6835450506692196,0,Aromatic Carbon
Paracetamol,10,C,6,2,0,4,2,1,1,6,1,2,0,0,0,2,0,0,0,-0.034863614124453705,0.011378380646060433,0.04092058860261702,-0.018163827310496154,3.1512978783552845,-0.7164453393106727,1.7481207842115023,1.595264630077524,0,Aromatic Carbon
Aspirin,0,C,6,1,0,4,3,0,0,0,3,1,0,0,0,0,1,0,0,0.03438902734649596,0.30754918369195744,0.30754918369195744,0.30754918369195744,-3.5554957868457167,-0.5117399084573382,-3.471231141576619,0.4068960026932555,1,Aliphatic sp3 Atom
Aspirin,1,C,6,3,0,4,2,0,0,0,0,1,0,2,0,0,2,1,0,0.30754918369195744,-0.21452629173178858,0.03438902734649596,-0.42580322451362185,-3.4770165003008886,1.3373586060037157,-0.034579330899687497,-5.216383744924732,4,Carbonyl Carbon
Aspirin,2,O,8,1,0,2,2,0,0,0,0,1,0,0,0,0,0,1,0,-0.25216467802823983,0.30754918369195744,0.30754918369195744,0.30754918369195744,-3.599768803684854,-2.024408969173735,-4.669683713447889,1.943726378507709,6,Carbonyl Oxygen
Aspirin,3,O,8,2,0,2,2,0,0,0,0,2,0,0,0,1,2,0,0,-0.42580322451362185,0.22621475356343937,0.30754918369195744,0.1448803234349213,-3.339557024449429,0.14357313687129603,-3.3049808921840014,1.807770049113905,2,Electron-Rich Heteroatom
Aspirin,4,C,6,3,0,4,2,1,1,6,0,2,0,1,0,2,1,0,0,0.1448803234349213,-0.11396741779773056,0.1021717530871286,-0.42580322451362185,3.1053750505266717,0.6462585482471068,2.9985442567879734,-1.0522272233152428,7,Activated Aromatic/Heteroaromatic
Aspirin,5,C,6,2,0,4,2,1,1,6,1,2,0,0,0,2,0,0,0,-0.018270781966698423,0.04318671618686891,0.1448803234349213,-0.05850689106118347,3.1502457819421914,-0.7142206650758558,1.5920903154092871,1.6801764691359105,0,Aromatic Carbon
Aspirin,6,C,6,2,0,4,2,1,1,6,1,2,0,0,0,2,0,0,0,-0.05850689106118347,-0.039702697604500445,-0.018270781966698423,-0.06113461324230246,3.1529101269376487,-0.7110577694004445,1.9671859273490875,1.3724378515247226,0,Aromatic Carbon
Aspirin,7,C,6,2,0,4,2,1,1,6,1,2,0,0,0,2,0,0,0,-0.06113461324230246,-0.051188340470271335,-0.0438697898793592,-0.05850689106118347,3.1533123635940927,-0.7106556542110569,2.0241804098557608,1.3260398224689214,0,Aromatic Carbon
Aspirin,8,C,6,2,0,4,2,1,1,6,1,2,0,0,0,2,0,0,0,-0.0438697898793592,0.02051856992241307,0.1021717530871286,-0.06113461324230246,3.1508236917791668,-0.7142245275568535,1.6740820097049702,1.62424059696544,0,Aromatic Carbon
Aspirin,9,C,6,3,0,4,2,1,1,6,0,3,0,0,0,2,1,0,0,0.1021717530871286,0.1466714401442908,0.33900378687731025,-0.0438697898793592,3.2564279455835003,0.8001821880333715,1.775906726029429,1.6378300257456784,0,Aromatic Carbon
Aspirin,10,C,6,3,0,4,2,0,0,0,0,1,0,2,0,1,2,1,0,0.33900378687731025,-0.20720170278359495,0.1021717530871286,-0.4775395271554559,-3.235150302235453,1.2566698932993585,0.2962099393760544,-5.049724234766014,4,Carbonyl Carbon
Aspirin,11,O,8,1,0,2,2,0,0,0,0,1,0,0,0,0,0,1,0,-0.2462373342824576,0.33900378687731025,0.33900378687731025,0.33900378687731025,-3.600844592995499,-2.028737517039062,-4.814730947659538,2.1021957105388687,6,Carbonyl Oxygen
Aspirin,12,O,8,1,0,2,2,0,0,0,1,1,0,0,0,0,1,0,0,-0.4775395271554559,0.33900378687731025,0.33900378687731025,0.33900378687731025,-3.694768879820925,-1.3114635277985043,-4.798550780298569,2.646135372088582,2,Electron-Rich Heteroatom
Bupivacaine,0,C,6,1,0,4,3,0,0,0,3,1,0,0,0,0,1,0,0,-0.06533514850512046,-0.0549532922252516,-0.0549532922252516,-0.0549532922252516,-3.5434179997337476,-0.46405864321886403,-1.842568653347229,-1.3555950766747347,1,Aliphatic sp3 Atom
Bupivacaine,1,C,6,2,0,4,3,0,0,0,2,2,0,0,0,0,2,0,0,-0.0549532922252516,-0.05299428082429629,-0.04065341314347212,-0.06533514850512046,-3.4345908979620217,1.05174089225084,-1.2866977600276976,-1.66975180957899,1,Aliphatic sp3 Atom
Bupivacaine,2,C,6,2,0,4,3,0,0,0,2,2,0,0,0,0,2,0,0,-0.04065341314347212,-0.028020616852738992,-0.0010879414802263832,-0.0549532922252516,-3.435361832205558,1.0501619897105892,-1.3935637679117332,-1.5743035129806804,1,Aliphatic sp3 Atom
Bupivacaine,3,C,6,2,0,4,3,0,0,0,2,1,1,0,0,0,2,0,0,-0.0010879414802263832,-0.16631244607076912,-0.04065341314347212,-0.2919714789980661,-3.5527976106268273,0.8179521245298735,-0.7431457790677893,-3.1115091722343435,3,Heteroatom-Adjacent Carbon
Bupivacaine,4,N,7,3,0,3,3,0,1,6,0,3,0,0,0,0,3,0,0,-0.2919714789980661,0.029103490038663776,0.0894750367915614,-0.0010879414802263832,2.2023182792835905,2.2777822630477607,-0.4853924687635951,0.07639144937651728,5,Saturated Ring Atom
Bupivacaine,5,C,6,2,0,4,3,0,1,6,2,1,1,0,0,0,2,0,0,-0.0010766251953436786,-0.16614482063813682,-0.04031816227820756,-0.2919714789980661,2.0837639137129265,0.863507489671548,0.6797548482252876,-2.276467133077953,3,Heteroatom-Adjacent Carbon
Bupivacaine,6,C,6,2,0,4,3,0,1,6,2,2,0,0,0,0,2,0,0,-0.04031816227820756,-0.025580308948014465,-0.0010766251953436786,-0.050083992700685254,2.2011235005185212,1.0951864513863443,0.01957224560321083,-0.7256631268013438,5,Saturated Ring Atom
Bupivacaine,7,C,6,2,0,4,3,0,1,6,2,2,0,0,0,0,2,0,0,-0.050083992700685254,-0.034366926942268713,-0.028415691606329865,-0.04031816227820756,2.201359910921042,1.0943203068562788,0.05513222003372097,-0.739620488909161,5,Saturated Ring Atom
Bupivacaine,8,C,6,2,0,4,3,0,1,6,2,2,0,0,0,0,2,0,0,-0.028415691606329865,0.01969552204543807,0.0894750367915614,-0.050083992700685254,2.199564022176459,1.0928685934532956,-0.19956273391386808,-0.5381755384423227,5,Saturated Ring Atom
Bupivacaine,9,C,6,3,0,4,3,0,1,6,1,2,1,0,0,0,3,0,0,0.0894750367915614,-0.026380884359247115,0.2412445175266546,-0.2919714789980661,2.188276687185011,2.3744735296602197,0.6288332492510081,-2.099127354191581,5,Saturated Ring Atom
Bupivacaine,10,C,6,3,0,4,2,0,0,0,0,1,1,1,0,0,2,1,0,0.2412445175266546,-0.1692231737568619,0.0894750367915614,-0.32423494936901764,-3.44082176461423,1.263807751214216,-0.2554358346821974,-4.364201275020012,4,Carbonyl Carbon
Bupivacaine,11,O,8,1,0,2,2,0,0,0,0,1,0,0,0,0,0,1,0,-0.27290960869312947,0.2412445175266546,0.2412445175266546,0.2412445175266546,-3.597585213062962,-2.015863366801801,-4.375212545231756,1.6264396818648852,6,Carbonyl Oxygen
Bupivacaine,12,N,7,2,0,3,2,0,0,0,1,2,0,0,0,1,2,0,0,-0.32423494936901764,0.14392319753358848,0.2412445175266546,0.04660187754052234,-3.2328906576849934,0.47046765694194015,-2.3720796058420106,0.8852618732688955,2,Electron-Rich Heteroatom
Bupivacaine,13,C,6,3,0,4,2,1,1,6,0,2,1,0,0,2,1,0,0,0.04660187754052234,-0.1262247017868655,-0.02721957799578945,-0.32423494936901764,3.144273693954337,0.5750939427902315,3.14678152798762,-0.48461636745447023,7,Activated Aromatic/Heteroaromatic
Bupivacaine,14,C,6,3,0,4,2,1,1,6,0,3,0,0,0,2,1,0,0,-0.02721957799578945,-0.016111606290497973,0.04660187754052234,-0.057234392389614315,3.260883607524439,0.8033489506753009,2.4085442411332583,1.15263465030478,0,Aromatic Carbon
Bupivacaine,15,C,6,1,0,4,3,0,0,0,3,1,0,0,0,1,1,0,0,-0.03770230402240195,-0.02721957799578945,-0.02721957799578945,-0.02721957799578945,-3.302250848790868,-0.5528767856155956,-1.5945714196697642,-1.0281111149182214,1,Aliphatic sp3 Atom
Bupivacaine,16,C,6,2,0,4,2,1,1,6,1,2,0,0,0,2,0,0,0,-0.057234392389614315,-0.044404298645112715,-0.02721957799578945,-0.061589019294435984,3.1530971889183905,-0.710604212469991,1.9932213910399377,1.3475342731120228,0,Aromatic Carbon
Bupivacaine,17,C,6,2,0,4,2,1,1,6,1,2,0,0,0,2,0,0,0,-0.061589019294435984,-0.057234392389614315,-0.057234392389614315,-0.057234392389614315,3.1535334602965546,-0.7103698333207653,2.055415754609559,1.2996466137550462,0,Aromatic Carbon
Bupivacaine,18,C,6,2,0,4,2,1,1,6,1,2,0,0,0,2,0,0,0,-0.057234392389614315,-0.044404298645112715,-0.02721957799578945,-0.061589019294435984,3.1530971889183905,-0.710604212469991,1.9932213910399377,1.3475342731120228,0,Aromatic Carbon
Bupivacaine,19,C,6,3,0,4,2,1,1,6,0,3,0,0,0,2,1,0,0,-0.02721957799578945,-0.016111606290497973,0.04660187754052234,-0.057234392389614315,3.260883607524439,0.8033489506753009,2.4085442411332583,1.15263465030478,0,Aromatic Carbon
Bupivacaine,20,C,6,1,0,4,3,0,0,0,3,1,0,0,0,1,1,0,0,-0.03770230402240195,-0.02721957799578945,-0.02721957799578945,-0.02721957799578945,-3.302250848790868,-0.5528767856155956,-1.5945714196697642,-1.0281111149182214,1,Aliphatic sp3 Atom
Carbamazepine,0,N,7,1,0,3,2,0,0,0,2,1,0,0,0,0,1,0,0,-0.3508838374482669,0.32342219617413165,0.32342219617413165,0.32342219617413165,-3.5902404570634525,-0.9941691968954549,-4.150873329738347,2.0462135141864084,2,Electron-Rich Heteroatom
Carbamazepine,1,C,6,3,0,4,2,0,0,0,0,0,2,1,0,0,2,1,0,0.32342219617413165,-0.2870218637362605,-0.24809430754121092,-0.3508838374482669,-3.556717086615881,1.0172303390229844,0.6267532610398564,-5.8844053231207,4,Carbonyl Carbon
Carbamazepine,2,O,8,1,0,2,2,0,0,0,0,1,0,0,0,0,0,1,0,-0.24809430754121092,0.32342219617413165,0.32342219617413165,0.32342219617413165,-3.600300678408191,-2.0265175878831023,-4.741403593668077,2.021502961423318,6,Carbonyl Oxygen
Carbamazepine,3,N,7,3,0,3,2,0,1,7,0,3,0,0,0,2,3,0,0,-0.26208744621930363,0.14642684052521107,0.32342219617413165,0.05792916270075077,3.667586366432873,1.9538389150815938,0.002415720605734306,1.7251265315522182,5,Saturated Ring Atom
Carbamazepine,4,C,6,3,0,4,2,1,1,6,0,2,1,0,0,2,1,0,0,0.05792916270075077,-0.10021457277641899,-0.0013102602336453582,-0.26208744621930363,3.143021830199976,0.5687085560992289,2.988580924220087,-0.2978908656794651,7,Activated Aromatic/Heteroaromatic
Carbamazepine,5,C,6,2,0,4,2,1,1,6,1,2,0,0,0,2,0,0,0,-0.03724601187630796,-0.001103559791832777,0.05792916270075077,-0.06013628228441632,3.151694929668188,-0.7123352782231498,1.795891832655782,1.5104474890110666,0,Aromatic Carbon
Carbamazepine,6,C,6,2,0,4,2,1,1,6,1,2,0,0,0,2,0,0,0,-0.06013628228441632,-0.04938279911434518,-0.03724601187630796,-0.06151958635238239,3.1532524951421457,-0.7104667333840045,2.0151620100655245,1.3302059922250837,0,Aromatic Carbon
Carbamazepine,7,C,6,2,0,4,2,1,1,6,1,2,0,0,0,2,0,0,0,-0.06151958635238239,-0.05650509771832739,-0.052873913152238446,-0.06013628228441632,3.153504187048435,-0.7101801252965187,2.0507597704460077,1.3007507775460343,0,Aromatic Carbon
Carbamazepine,8,C,6,2,0,4,2,1,1,6,1,2,0,0,0,2,0,0,0,-0.052873913152238446,-0.031414923293013874,-0.0013102602336453582,-0.06151958635238239,3.1526594953177445,-0.7112084890057035,1.9316688765301553,1.3994541797170355,0,Aromatic Carbon
Carbamazepine,9,C,6,3,0,4,2,1,1,6,0,3,0,0,0,2,1,0,0,-0.0013102602336453582,-0.015715896725619887,0.05792916270075077,-0.052873913152238446,3.2609456437198356,0.8046514748045901,2.4189700650303148,1.122382248301247,0,Aromatic Carbon
Carbamazepine,10,C,6,2,0,4,2,0,1,7,1,2,0,0,0,1,1,1,0,-0.05220293972537198,-0.02675659997950867,-0.0013102602336453582,-0.05220293972537198,3.5207333855649083,0.13512493639392886,0.4639671103366131,0.033323730337289574,0,Aromatic Carbon
Carbamazepine,11,C,6,2,0,4,2,0,1,7,1,2,0,0,0,1,1,1,0,-0.05220293972537198,-0.02675659997950867,-0.0013102602336453582,-0.05220293972537198,3.5207333855649083,0.13512493639392886,0.4639671103366131,0.033323730337289574,0,Aromatic Carbon
Carbamazepine,12,C,6,3,0,4,2,1,1,6,0,3,0,0,0,2,1,0,0,-0.0013102602336453582,-0.015715896725619887,0.05792916270075077,-0.052873913152238446,3.2609456437198356,0.8046514748045901,2.4189700650303148,1.122382248301247,0,Aromatic Carbon
Carbamazepine,13,C,6,2,0,4,2,1,1,6,1,2,0,0,0,2,0,0,0,-0.052873913152238446,-0.031414923293013874,-0.0013102602336453582,-0.06151958635238239,3.1526594953177445,-0.7112084890057035,1.9316688765301553,1.3994541797170355,0,Aromatic Carbon
Carbamazepine,14,C,6,2,0,4,2,1,1,6,1,2,0,0,0,2,0,0,0,-0.06151958635238239,-0.05650509771832739,-0.052873913152238446,-0.06013628228441632,3.153504187048435,-0.7101801252965187,2.0507597704460077,1.3007507775460343,0,Aromatic Carbon
Carbamazepine,15,C,6,2,0,4,2,1,1,6,1,2,0,0,0,2,0,0,0,-0.06013628228441632,-0.04938279911434518,-0.03724601187630796,-0.06151958635238239,3.1532524951421457,-0.7104667333840045,2.0151620100655245,1.3302059922250837,0,Aromatic Carbon
Carbamazepine,16,C,6,2,0,4,2,1,1,6,1,2,0,0,0,2,0,0,0,-0.03724601187630796,-0.001103559791832777,0.05792916270075077,-0.06013628228441632,3.151694929668188,-0.7123352782231498,1.795891832655782,1.5104474890110666,0,Aromatic Carbon
Carbamazepine,17,C,6,3,0,4,2,1,1,6,0,2,1,0,0,2,1,0,0,0.05792916270075077,-0.10021457277641899,-0.0013102602336453582,-0.26208744621930363,3.143021830199976,0.5687085560992289,2.988580924220087,-0.2978908656794651,7,Activated Aromatic/Heteroaromatic
Diclofenac,0,O,8,1,0,2,2,0,0,0,0,1,0,0,0,0,0,1,0,-0.25208280846981806,0.30739587692442316,0.30739587692442316,0.30739587692442316,-3.599762431143077,-2.024380102696364,-4.6688253252206104,1.9427290378766993,6,Carbonyl Oxygen
Diclofenac,1,C,6,3,0,4,2,0,0,0,0,1,0,2,0,0,2,1,0,0.30739587692442316,-0.22019307271377161,0.0724888039089945,-0.4809852135804913,-3.476788943236415,1.3422744858890514,-0.01415091391061582,-5.290385516499493,4,Carbonyl Carbon
Diclofenac,2,O,8,1,0,2,2,0,0,0,1,1,0,0,0,0,1,0,0,-0.4809852135804913,0.30739587692442316,0.30739587692442316,0.30739587692442316,-3.6936622508432024,-1.3069377724900195,-4.649363904444051,2.4817941933280894,2,Electron-Rich Heteroatom
Diclofenac,3,C,6,2,0,4,3,0,0,0,2,2,0,0,0,1,2,0,0,0.0724888039089945,0.1470186882994435,0.30739587692442316,-0.01335850032553616,-3.198777590297496,0.9559590492106693,-1.7899758550277478,-0.7215180062965982,5,Saturated Ring Atom
Diclofenac,4,C,6,3,0,4,2,1,1,6,0,3,0,0,0,2,1,0,0,-0.01335850032553616,0.019467876210303485,0.0724888039089945,-0.05638184567644721,3.260276852410352,0.802172138938058,2.31549481915151,1.2399422793846357,0,Aromatic Carbon
Diclofenac,5,C,6,2,0,4,2,1,1,6,1,2,0,0,0,2,0,0,0,-0.05638184567644721,-0.03759263541323501,-0.01335850032553616,-0.06182677050093386,3.1528527651872165,-0.7109994354806926,1.9588916255101,1.3774697179633173,0,Aromatic Carbon
Diclofenac,6,C,6,2,0,4,2,1,1,6,1,2,0,0,0,2,0,0,0,-0.06182677050093386,-0.05828177782918564,-0.05638184567644721,-0.06018170998192406,3.1535669675222766,-0.7100742655457166,2.0595624984709673,1.2930348908213107,0,Aromatic Carbon
Diclofenac,7,C,6,2,0,4,2,1,1,6,1,2,0,0,0,2,0,0,0,-0.06018170998192406,-0.050070928366195505,-0.03831508623145714,-0.06182677050093386,3.1532772705638537,-0.7103970598302229,2.0185762733700563,1.3268521668983275,0,Aromatic Carbon
Diclofenac,8,C,6,2,0,4,2,1,1,6,1,2,0,0,0,2,0,0,0,-0.03831508623145714,-0.008942519791780446,0.04229667039836317,-0.06018170998192406,3.1519749997431883,-0.7118607151269769,1.8351733318732861,1.4759380587993554,0,Aromatic Carbon
Diclofenac,9,C,6,3,0,4,2,1,1,6,0,2,1,0,0,2,1,0,0,0.04229667039836317,-0.1348416217504638,-0.01335850032553616,-0.3528512786943981,3.144489119827273,0.5776933255704035,3.17218414494206,-0.5346237479921048,7,Activated Aromatic/Heteroaromatic
Diclofenac,10,N,7,2,0,3,2,0,0,0,1,2,0,0,0,2,2,0,0,-0.3528512786943981,0.05927323786510605,0.07624980533184893,0.04229667039836317,-2.9881569312528646,0.3881310367372999,-1.6272472482821922,0.7777128161706673,2,Electron-Rich Heteroatom
Diclofenac,11,C,6,3,0,4,2,1,1,6,0,2,1,0,0,2,1,0,0,0.07624980533184893,-0.07389183038885534,0.06558789376391604,-0.3528512786943981,3.1431256272307855,0.5762153643491725,2.972013250637339,-0.3684571492511404,7,Activated Aromatic/Heteroaromatic
Diclofenac,12,C,6,3,0,4,2,1,1,6,0,2,0,0,1,2,1,0,0,0.06558789376391604,-0.015682736450394398,0.07624980533184893,-0.0820048650494504,3.13214995080147,0.49200859340307623,2.241067678605127,0.7305580413581758,0,Aromatic Carbon
Diclofenac,13,Cl,17,1,0,1,3,0,0,0,0,1,0,0,0,1,1,0,0,-0.0820048650494504,0.06558789376391604,0.06558789376391604,0.06558789376391604,-3.614077741155662,-1.4881611929021918,-3.3029246273495096,0.33954136426202003,1,Aliphatic sp3 Atom
Diclofenac,14,C,6,2,0,4,2,1,1,6,1,2,0,0,0,2,0,0,0,-0.04129314963358172,0.0032189162489527703,0.06558789376391604,-0.059150061266010495,3.151494186163108,-0.71300025210031,1.768209567939998,1.5396112051993176,0,Aromatic Carbon
Diclofenac,15,C,6,2,0,4,2,1,1,6,1,2,0,0,0,2,0,0,0,-0.059150061266010495,-0.04129314963358172,-0.04129314963358172,-0.04129314963358172,3.152982487792604,-0.7126031840612268,1.9811330164293453,1.3811068231661925,0,Aromatic Carbon
Diclofenac,16,C,6,2,0,4,2,1,1,6,1,2,0,0,0,2,0,0,0,-0.04129314963358172,0.0032189162489527703,0.06558789376391604,-0.059150061266010495,3.151494186163108,-0.71300025210031,1.768209567939998,1.5396112051993176,0,Aromatic Carbon
Diclofenac,17,C,6,3,0,4,2,1,1,6,0,2,0,0,1,2,1,0,0,0.06558789376391604,-0.015682736450394398,0.07624980533184893,-0.0820048650494504,3.13214995080147,0.49200859340307623,2.241067678605127,0.7305580413581758,0,Aromatic Carbon
Diclofenac,18,Cl,17,1,0,1,3,0,0,0,0,1,0,0,0,1,1,0,0,-0.0820048650494504,0.06558789376391604,0.06558789376391604,0.06558789376391604,-3.614077741155662,-1.4881611929021918,-3.3029246273495096,0.33954136426202003,1,Aliphatic sp3 Atom
Gabapentin,0,N,7,1,0,3,3,0,0,0,2,1,0,0,0,0,1,0,0,-0.3299039869250462,-0.0014897432589478698,-0.0014897432589478698,-0.0014897432589478698,-3.6507209156057607,-0.7967411307933814,-2.863262504626643,-0.27019024771137556,1,Aliphatic sp3 Atom
Gabapentin,1,C,6,2,0,4,3,0,0,0,2,1,1,0,0,0,2,0,0,-0.0014897432589478698,-0.16845268705979885,-0.007001387194551519,-0.3299039869250462,-3.552760247142718,0.8211529459032167,-0.7451026889533754,-3.1489889593027924,3,Heteroatom-Adjacent Carbon
Gabapentin,2,C,6,4,0,4,3,0,1,6,0,4,0,0,0,0,4,0,0,-0.007001387194551519,-0.010242041138676673,0.052170432888410084,-0.04582442709208445,2.418161330409039,4.124598855617603,1.0534503638090886,-1.276311480715769,5,Saturated Ring Atom
Gabapentin,3,C,6,2,0,4,3,0,0,0,2,2,0,0,0,0,2,0,0,0.052170432888410084,0.1482271003824452,0.3034555879594419,-0.007001387194551519,-3.4409104736971354,1.0405068544981964,-2.16718899736848,-0.9031299033486206,5,Saturated Ring Atom
Gabapentin,4,C,6,3,0,4,2,0,0,0,0,1,0,2,0,0,2,1,0,0.3034555879594419,-0.22716812971452463,0.052170432888410084,-0.4812145706603313,-3.47648545399645,1.3425614800614003,0.02745175720390197,-5.322811632728798,4,Carbonyl Carbon
Gabapentin,5,O,8,1,0,2,2,0,0,0,0,1,0,0,0,0,0,1,0,-0.25246025137165273,0.3034555879594419,0.3034555879594419,0.3034555879594419,-3.5996239459297397,-2.0238122604938606,-4.650156228995274,1.9221361928571963,6,Carbonyl Oxygen
Gabapentin,6,O,8,1,0,2,2,0,0,0,1,1,0,0,0,0,1,0,0,-0.4812145706603313,0.3034555879594419,0.3034555879594419,0.3034555879594419,-3.693522255815364,-1.3063595423229284,-4.630492329017493,2.4609005528575385,2,Electron-Rich Heteroatom
Gabapentin,7,C,6,2,0,4,3,0,1,6,2,2,0,0,0,0,2,0,0,-0.04582442709208445,-0.029857553035511068,-0.007001387194551519,-0.05271371887647062,2.201223516550042,1.0953115670052833,0.03341373695921471,-0.7364360224261971,5,Saturated Ring Atom
Gabapentin,8,C,6,2,0,4,3,0,1,6,2,2,0,0,0,0,2,0,0,-0.05271371887647062,-0.049543819430268005,-0.04582442709208445,-0.05326321176845155,2.20188356363331,1.0962437706531123,0.12617007437406227,-0.8148852921528003,5,Saturated Ring Atom
Gabapentin,9,C,6,2,0,4,3,0,1,6,2,2,0,0,0,0,2,0,0,-0.05326321176845155,-0.05271371887647062,-0.05271371887647062,-0.05271371887647062,2.20199619173277,1.0963813448817223,0.1420820672628981,-0.8281785896549209,5,Saturated Ring Atom
Gabapentin,10,C,6,2,0,4,3,0,1,6,2,2,0,0,0,0,2,0,0,-0.05271371887647062,-0.049543819430268005,-0.04582442709208445,-0.05326321176845155,2.20188356363331,1.0962437706531123,0.12617007437406227,-0.8148852921528003,5,Saturated Ring Atom
Gabapentin,11,C,6,2,0,4,3,0,1,6,2,2,0,0,0,0,2,0,0,-0.04582442709208445,-0.029857553035511068,-0.007001387194551519,-0.05271371887647062,2.201223516550042,1.0953115670052833,0.03341373695921471,-0.7364360224261971,5,Saturated Ring Atom
Ibuprofen (Racemate),0,C,6,1,0,4,3,0,0,0,3,1,0,0,0,0,1,0,0,-0.06245589069280734,-0.04307412588969147,-0.04307412588969147,-0.04307412588969147,-3.543817750419986,-0.4656484191517394,-1.8964712073242274,-1.2970489160810967,1,Aliphatic sp3 Atom
Ibuprofen (Racemate),1,C,6,3,0,4,3,0,0,0,1,3,0,0,0,0,3,0,0,-0.04307412588969147,-0.05015861236280941,-0.025564055702813556,-0.06245589069280734,-3.325926128367316,2.5663975724788157,-0.7490846761479256,-1.958701886072134,5,Saturated Ring Atom
Ibuprofen (Racemate),2,C,6,1,0,4,3,0,0,0,3,1,0,0,0,0,1,0,0,-0.06245589069280734,-0.04307412588969147,-0.04307412588969147,-0.04307412588969147,-3.543817750419986,-0.4656484191517394,-1.8964712073242274,-1.2970489160810967,1,Aliphatic sp3 Atom
Ibuprofen (Racemate),3,C,6,2,0,4,3,0,0,0,2,2,0,0,0,1,2,0,0,-0.025564055702813556,-0.045409150272186984,-0.04307412588969147,-0.047744174654682496,-3.1926679983557222,0.965272560930182,-0.934889355904099,-1.4475944765118245,1,Aliphatic sp3 Atom
Ibuprofen (Racemate),4,C,6,3,0,4,2,1,1,6,0,3,0,0,0,2,1,0,0,-0.047744174654682496,-0.047677703653103816,-0.025564055702813556,-0.05873452762824895,3.261980343430585,0.804323410423013,2.561354165394103,1.0334199611928914,0,Aromatic Carbon
Ibuprofen (Racemate),5,C,6,2,0,4,2,1,1,6,1,2,0,0,0,2,0,0,0,-0.05873452762824895,-0.05282727521991312,-0.047744174654682496,-0.057910375785143756,3.1533982754427563,-0.7104215993517164,2.0361807581226197,1.3139475889034207,0,Aromatic Carbon
Ibuprofen (Racemate),6,C,6,2,0,4,2,1,1,6,1,2,0,0,0,2,0,0,0,-0.057910375785143756,-0.046411111417850676,-0.0340876952074524,-0.05873452762824895,3.153167657460387,-0.7107436600651913,2.0036747584449914,1.341654411585969,0,Aromatic Carbon
Ibuprofen (Racemate),7,C,6,3,0,4,2,1,1,6,0,3,0,0,0,2,1,0,0,-0.0340876952074524,-0.012320462555088335,0.0788593639050225,-0.057910375785143756,3.26036315699661,0.8024431992169436,2.339933905872338,1.2116332809335588,0,Aromatic Carbon
Ibuprofen (Racemate),8,C,6,3,0,4,3,0,0,0,1,3,0,0,0,1,3,0,0,0.0788593639050225,0.07611077980007004,0.3101853515323108,-0.0477653169246483,-3.0887292010939222,2.477515481106777,-1.0490449583699453,-1.2583154334084437,5,Saturated Ring Atom
Ibuprofen (Racemate),9,C,6,1,0,4,3,0,0,0,3,1,0,0,0,0,1,0,0,-0.0477653169246483,0.0788593639050225,0.0788593639050225,0.0788593639050225,-3.54807252570303,-0.483009295700088,-2.470076038064814,-0.6659117719375587,1,Aliphatic sp3 Atom
Ibuprofen (Racemate),10,C,6,3,0,4,2,0,0,0,0,1,0,2,0,0,2,1,0,0.3101853515323108,-0.21789586409405112,0.0788593639050225,-0.4807885019257389,-3.476870989937911,1.3422765615868633,-0.02544540722314221,-5.2828777786412005,4,Carbonyl Carbon
Ibuprofen (Racemate),11,O,8,1,0,2,2,0,0,0,0,1,0,0,0,0,0,1,0,-0.2517584542614369,0.3101853515323108,0.3101853515323108,0.3101853515323108,-3.599859887227892,-2.024778090076633,-4.681963721130637,1.9571913841449404,6,Carbonyl Oxygen
Ibuprofen (Racemate),12,O,8,1,0,2,2,0,0,0,1,1,0,0,0,0,1,0,0,-0.4807885019257389,0.3101853515323108,0.3101853515323108,0.3101853515323108,-3.693761008312416,-1.307344713774917,-4.662676827273351,2.496515810193438,2,Electron-Rich Heteroatom
Ibuprofen (Racemate),13,C,6,2,0,4,2,1,1,6,1,2,0,0,0,2,0,0,0,-0.057910375785143756,-0.046411111417850676,-0.0340876952074524,-0.05873452762824895,3.153167657460387,-0.7107436600651913,2.0036747584449914,1.341654411585969,0,Aromatic Carbon
Ibuprofen (Racemate),14,C,6,2,0,4,2,1,1,6,1,2,0,0,0,2,0,0,0,-0.05873452762824895,-0.05282727521991312,-0.047744174654682496,-0.057910375785143756,3.1533982754427563,-0.7104215993517164,2.0361807581226197,1.3139475889034207,0,Aromatic Carbon
Lidocaine,0,C,6,1,0,4,3,0,0,0,3,1,0,0,0,0,1,0,0,-0.052412718947804644,-0.004188519591116971,-0.004188519591116971,-0.004188519591116971,-3.5451200037390653,-0.4708090771491631,-2.072072215071067,-1.1066577747963557,1,Aliphatic sp3 Atom
Lidocaine,1,C,6,2,0,4,3,0,0,0,2,1,1,0,0,0,2,0,0,-0.004188519591116971,-0.17373596690592097,-0.052412718947804644,-0.2950592148640373,-3.5525567229822976,0.8185022754028033,-0.7098074241045834,-3.1422189630178496,3,Heteroatom-Adjacent Carbon
Lidocaine,2,N,7,3,0,3,3,0,0,0,0,3,0,0,0,0,3,0,0,-0.2950592148640373,0.02323617583338643,0.07808556668239323,-0.004188519591116971,-3.4340306420281177,2.2326844147436375,-1.8793785904463267,-0.7845552025736633,5,Saturated Ring Atom
Lidocaine,3,C,6,2,0,4,3,0,0,0,2,1,1,0,0,0,2,0,0,-0.004188519591116971,-0.17373596690592097,-0.052412718947804644,-0.2950592148640373,-3.5525567229822976,0.8185022754028033,-0.7098074241045834,-3.1422189630178496,3,Heteroatom-Adjacent Carbon
Lidocaine,4,C,6,1,0,4,3,0,0,0,3,1,0,0,0,0,1,0,0,-0.052412718947804644,-0.004188519591116971,-0.004188519591116971,-0.004188519591116971,-3.5451200037390653,-0.4708090771491631,-2.072072215071067,-1.1066577747963557,1,Aliphatic sp3 Atom
Lidocaine,5,C,6,2,0,4,3,0,0,0,2,1,1,0,0,0,2,0,0,0.07808556668239323,-0.028496541494219776,0.23806613187559775,-0.2950592148640373,-3.557109796507764,0.8141598706985116,-1.3524781473899479,-2.630342822986863,3,Heteroatom-Adjacent Carbon
Lidocaine,6,C,6,3,0,4,2,0,0,0,0,1,1,1,0,0,2,1,0,0.23806613187559775,-0.17321524707173763,0.07808556668239323,-0.324484604945174,-3.4406591570685734,1.2639157746559944,-0.23312477359558414,-4.38083253773871,4,Carbonyl Carbon
Lidocaine,7,O,8,1,0,2,2,0,0,0,0,1,0,0,0,0,0,1,0,-0.2732467029524321,0.23806613187559775,0.23806613187559775,0.23806613187559775,-3.597473838395285,-2.0154076131299057,-4.3601979698686755,1.609895004744194,6,Carbonyl Oxygen
Lidocaine,8,N,7,2,0,3,2,0,0,0,1,2,0,0,0,1,2,0,0,-0.324484604945174,0.1423285900986679,0.23806613187559775,0.046591048321738056,-3.232834015329364,0.4705620642781678,-2.3641334621137897,0.8783061253157219,2,Electron-Rich Heteroatom
Lidocaine,9,C,6,3,0,4,2,1,1,6,0,2,1,0,0,2,1,0,0,0.046591048321738056,-0.12630804535887533,-0.027219765565725973,-0.324484604945174,3.144277498234866,0.5751200023062077,3.1472536755577822,-0.48526662068965387,7,Activated Aromatic/Heteroaromatic
Lidocaine,10,C,6,3,0,4,2,1,1,6,0,3,0,0,0,2,1,0,0,-0.027219765565725973,-0.016115217032978756,0.046591048321738056,-0.05723439387403816,3.2608837861277196,0.8033492213850151,2.4085686659637653,1.1526139648948528,0,Aromatic Carbon
Lidocaine,11,C,6,1,0,4,3,0,0,0,3,1,0,0,0,1,1,0,0,-0.037702305546636165,-0.027219765565725973,-0.027219765565725973,-0.027219765565725973,-3.3022508420308965,-0.552876757431088,-1.5945705084800972,-1.028112128601159,1,Aliphatic sp3 Atom
Lidocaine,12,C,6,2,0,4,2,1,1,6,1,2,0,0,0,2,0,0,0,-0.05723439387403816,-0.04440439243564907,-0.027219765565725973,-0.06158901930557218,3.153097192385148,-0.7106042060420861,1.9932218766656395,1.3475338376488601,0,Aromatic Carbon
Lidocaine,13,C,6,2,0,4,2,1,1,6,1,2,0,0,0,2,0,0,0,-0.06158901930557218,-0.05723439387403816,-0.05723439387403816,-0.05723439387403816,3.153533460350062,-0.7103698330976487,2.055415761821958,1.2996466057309026,0,Aromatic Carbon
Lidocaine,14,C,6,2,0,4,2,1,1,6,1,2,0,0,0,2,0,0,0,-0.05723439387403816,-0.04440439243564907,-0.027219765565725973,-0.06158901930557218,3.153097192385148,-0.7106042060420861,1.9932218766656395,1.3475338376488601,0,Aromatic Carbon
Lidocaine,15,C,6,3,0,4,2,1,1,6,0,3,0,0,0,2,1,0,0,-0.027219765565725973,-0.016115217032978756,0.046591048321738056,-0.05723439387403816,3.2608837861277196,0.8033492213850151,2.4085686659637653,1.1526139648948528,0,Aromatic Carbon
Lidocaine,16,C,6,1,0,4,3,0,0,0,3,1,0,0,0,1,1,0,0,-0.037702305546636165,-0.027219765565725973,-0.027219765565725973,-0.027219765565725973,-3.3022508420308965,-0.552876757431088,-1.5945705084800972,-1.028112128601159,1,Aliphatic sp3 Atom
Ketamine,0,C,6,1,0,4,3,0,0,0,3,0,1,0,0,0,1,0,0,-0.015206035850549682,-0.3042859105636157,-0.3042859105636157,-0.3042859105636157,-3.6566361068491218,-0.6867952460033235,-0.6044256093115723,-3.4425568998865,3,Heteroatom-Adjacent Carbon
Ketamine,1,N,7,2,0,3,3,0,0,0,1,2,0,0,0,0,2,0,0,-0.3042859105636157,0.04443049132808289,0.10406701850671546,-0.015206035850549682,-3.5433738389118825,0.7173366897447773,-2.516235021656531,-0.41226361073859746,1,Aliphatic sp3 Atom
Ketamine,2,C,6,4,0,4,3,0,1,6,0,3,1,0,0,1,4,0,0,0.10406701850671546,-0.043123101705940955,0.15694722384123436,-0.3042859105636157,2.54053908550978,3.8060193081246645,1.735640368398628,-2.3506315585404822,5,Saturated Ring Atom
Ketamine,3,C,6,3,0,4,2,1,1,6,0,3,0,0,0,2,1,0,0,-0.0017975046501965725,0.03163908890026986,0.10406701850671546,-0.05522416997978045,3.259835964140741,0.8019664350485884,2.254662031894089,1.2839557667110972,0,Aromatic Carbon
Ketamine,4,C,6,2,0,4,2,1,1,6,1,2,0,0,0,2,0,0,0,-0.05522416997978045,-0.03180162265299127,-0.0017975046501965725,-0.061805740655785965,3.1526496024797184,-0.7113231929329737,1.9303714048917402,1.4022068449396548,0,Aromatic Carbon
Ketamine,5,C,6,2,0,4,2,1,1,6,1,2,0,0,0,2,0,0,0,-0.061805740655785965,-0.05799444622366541,-0.05522416997978045,-0.06076472246755037,3.1535559309989876,-0.710045460432847,2.0579046182081613,1.293900632870494,0,Aromatic Carbon
Ketamine,6,C,6,2,0,4,2,1,1,6,1,2,0,0,0,2,0,0,0,-0.06076472246755037,-0.052482526161888254,-0.043159311667990544,-0.061805740655785965,3.1533608762172096,-0.7102717323743426,2.0303250425974615,1.316777878342487,0,Aromatic Carbon
Ketamine,7,C,6,2,0,4,2,1,1,6,1,2,0,0,0,2,0,0,0,-0.043159311667990544,-0.007345152146837897,0.04607441817387457,-0.06076472246755037,3.1518657252479003,-0.7122644240086382,1.8200516754776277,1.49281063199614,0,Aromatic Carbon
Ketamine,8,C,6,3,0,4,2,1,1,6,0,2,0,0,1,2,1,0,0,0.04607441817387457,-0.042969629755419486,-0.0017975046501965725,-0.08395207294807135,3.1332893639367287,0.4929255741316272,2.397231124908183,0.6116991506408487,0,Aromatic Carbon
Ketamine,9,Cl,17,1,0,1,3,0,0,0,0,1,0,0,0,1,1,0,0,-0.08395207294807135,0.04607441817387457,0.04607441817387457,0.04607441817387457,-3.613392716689586,-1.4853545419789058,-3.210576393716467,0.23771794268164342,1,Aliphatic sp3 Atom
Ketamine,10,C,6,2,0,4,3,0,1,6,2,2,0,0,0,0,2,0,0,-0.023356215451185897,0.026860705463611696,0.10406701850671546,-0.050345607579492066,2.1993493422827286,1.0927457994306042,-0.22998631963323615,-0.5151504024103293,5,Saturated Ring Atom
Ketamine,11,C,6,2,0,4,3,0,1,6,2,2,0,0,0,0,2,0,0,-0.050345607579492066,-0.03477351561524687,-0.023356215451185897,-0.04619081577930785,2.2013664556217605,1.0948071043609566,0.054947806409178644,-0.745369754985028,5,Saturated Ring Atom
Ketamine,12,C,6,2,0,4,3,0,1,6,2,2,0,0,0,0,2,0,0,-0.04619081577930785,-0.020966293560491983,0.008413020458508096,-0.050345607579492066,2.2008920718428375,1.0944744386834602,-0.012534282133298583,-0.6923590798774456,5,Saturated Ring Atom
Ketamine,13,C,6,2,0,4,3,0,1,6,2,2,0,0,0,0,2,0,0,0.008413020458508096,0.05537820403096325,0.15694722384123436,-0.04619081577930785,2.1986187181010943,1.092651179333882,-0.33345015340392875,-0.4432630671955947,5,Saturated Ring Atom
Ketamine,14,C,6,3,0,4,2,0,1,6,0,2,0,1,0,0,2,1,0,0.15694722384123436,-0.06158079218128823,0.10406701850671546,-0.29722241550908823,2.315889317484364,1.5591868032389886,0.8309967299059711,-2.4031561750684265,4,Carbonyl Carbon
Ketamine,15,O,8,1,0,2,2,0,0,0,0,1,0,0,0,0,0,1,0,-0.29722241550908823,0.15694722384123436,0.15694722384123436,0.15694722384123436,-3.594788058531093,-2.004854192177735,-3.998014073792446,1.2188657159196943,6,Carbonyl Oxygen
Lamotrigine,0,N,7,1,0,3,2,0,0,0,2,1,0,0,0,1,1,0,0,-0.3664241394133748,0.24159882707027744,0.24159882707027744,0.24159882707027744,-3.345555993833536,-1.0694912163145553,-3.428476209551253,1.867504828925757,2,Electron-Rich Heteroatom
Lamotrigine,1,C,6,3,0,4,2,1,1,6,0,0,3,0,0,2,1,0,0,0.24159882707027744,-0.2234042451220766,-0.11113012855466697,-0.3664241394133748,2.903476884139716,0.07063376163525703,3.7042192739300157,-2.5544391689341683,7,Activated Aromatic/Heteroaromatic
Lamotrigine,2,N,7,2,0,3,2,1,1,6,0,1,1,0,0,2,0,0,0,-0.11113012855466697,0.04940179010871999,0.24159882707027744,-0.14279524685283745,2.923573881492787,-1.284243206113306,0.9619256842196194,1.4596220310953882,7,Activated Aromatic/Heteroaromatic
Lamotrigine,3,N,7,2,0,3,2,1,1,6,0,1,1,0,0,2,0,0,0,-0.14279524685283745,0.012795899723004975,0.13672192800067692,-0.11113012855466697,2.9246417212076525,-1.286486480940607,1.119424496986385,1.3764247744124518,7,Activated Aromatic/Heteroaromatic
Lamotrigine,4,C,6,3,0,4,2,1,1,6,0,2,1,0,0,3,1,0,0,0.13672192800067692,0.012933533488697949,0.15559083267202967,-0.14279524685283745,3.380988890680149,0.46965044083884155,2.8110029513395913,0.45113109807822527,7,Activated Aromatic/Heteroaromatic
Lamotrigine,5,C,6,3,0,4,2,1,1,6,0,3,0,0,0,3,1,0,0,0.026005014646901633,0.05150675596801477,0.13672192800067692,-0.050992204555889487,3.5013100014856353,0.7156417003346967,2.540686356630149,1.5534906436549893,0,Aromatic Carbon
Lamotrigine,6,C,6,2,0,4,2,1,1,6,1,2,0,0,0,2,0,0,0,-0.050992204555889487,-0.016999079628362543,0.026005014646901633,-0.060003173903626715,3.152145022132417,-0.7122034686133829,1.85978845102675,1.464156920281672,0,Aromatic Carbon
Lamotrigine,7,C,6,2,0,4,2,1,1,6,1,2,0,0,0,2,0,0,0,-0.060003173903626715,-0.046474459985418444,-0.0419567154149474,-0.050992204555889487,3.1531564270498875,-0.7115147011887899,2.003701246049373,1.35138347683133,0,Aromatic Carbon
Lamotrigine,8,C,6,2,0,4,2,1,1,6,1,2,0,0,0,2,0,0,0,-0.0419567154149474,-6.210364026545609e-05,0.0598789666230958,-0.060003173903626715,3.1516083715828507,-0.712749055919228,1.7840798323596507,1.5249840551602407,0,Aromatic Carbon
Lamotrigine,9,C,6,3,0,4,2,1,1,6,0,2,0,0,1,2,1,0,0,0.0598789666230958,-0.018618127320037,0.06879054445925686,-0.08268821100442046,3.1322292861570618,0.4918883525122899,2.2520171370404682,0.7252872581603567,0,Aromatic Carbon
Lamotrigine,10,Cl,17,1,0,1,3,0,0,0,0,1,0,0,0,1,1,0,0,-0.08268821100442046,0.0598789666230958,0.0598789666230958,0.0598789666230958,-3.6138784869949223,-1.4873480431570392,-3.276062336206614,0.30998244406123326,1,Aliphatic sp3 Atom
Lamotrigine,11,C,6,3,0,4,2,1,1,6,0,2,0,0,1,2,1,0,0,0.06879054445925686,0.0013060912876542558,0.0598789666230958,-0.08196570740703467,3.132199712043445,0.4914974503470644,2.23947830083398,0.7451678899287602,0,Aromatic Carbon
Lamotrigine,12,Cl,17,1,0,1,3,0,0,0,0,1,0,0,0,1,1,0,0,-0.08196570740703467,0.06879054445925686,0.06879054445925686,0.06879054445925686,-3.614193029963456,-1.4886415062428564,-3.3184647203302124,0.35682275327719715,1,Aliphatic sp3 Atom
Lamotrigine,13,C,6,3,0,4,2,1,1,6,0,1,2,0,0,2,1,0,0,0.15559083267202967,-0.14588069730504408,0.13672192800067692,-0.38170555251762106,3.0214442506908195,0.3236090832387495,3.0959857424484576,-1.3052631811519984,7,Activated Aromatic/Heteroaromatic
Lamotrigine,14,N,7,1,0,3,2,0,0,0,2,1,0,0,0,1,1,0,0,-0.38170555251762106,0.15559083267202967,0.15559083267202967,0.15559083267202967,-3.342604964449426,-1.0575904776971146,-3.0305996616647533,1.4323127154339275,2,Electron-Rich Heteroatom
Lamotrigine,15,N,7,2,0,3,2,1,1,6,0,2,0,0,0,2,0,0,0,-0.19265846739818807,0.19859482987115357,0.24159882707027744,0.15559083267202967,3.0402385954411533,-1.0607189045855345,0.21773148361105735,3.1787953412162167,0,Aromatic Carbon
Propofol,0,C,6,1,0,4,3,0,0,0,3,1,0,0,0,0,1,0,0,-0.058543899305077696,-0.01821678510922286,-0.01821678510922286,-0.01821678510922286,-3.544675777119306,-0.4691232663979692,-2.0121521315953608,-1.1702483883603265,1,Aliphatic sp3 Atom
Propofol,1,C,6,3,0,4,3,0,0,0,1,3,0,0,0,1,3,0,0,-0.01821678510922286,-0.040131515238160685,-0.0033067471043266516,-0.058543899305077696,-3.084232527513288,2.4804972232131677,-0.43069996188084203,-1.71903412995589,5,Saturated Ring Atom
Propofol,2,C,6,1,0,4,3,0,0,0,3,1,0,0,0,0,1,0,0,-0.058543899305077696,-0.01821678510922286,-0.01821678510922286,-0.01821678510922286,-3.544675777119306,-0.4691232663979692,-2.0121521315953608,-1.1702483883603265,1,Aliphatic sp3 Atom
Propofol,3,C,6,3,0,4,2,1,1,6,0,3,0,0,0,2,1,0,0,-0.0033067471043266516,0.016227405271677015,0.12197294149608193,-0.055073940571828024,3.2597635173916673,0.8024839659306906,2.252769593875681,1.271762651458422,0,Aromatic Carbon
Propofol,4,C,6,2,0,4,2,1,1,6,1,2,0,0,0,2,0,0,0,-0.055073940571828024,-0.03236809225842721,-0.0033067471043266516,-0.061429437412527765,3.152672540818443,-0.7113037626699033,1.9336465018136502,1.3995341037793416,0,Aromatic Carbon
Propofol,5,C,6,2,0,4,2,1,1,6,1,2,0,0,0,2,0,0,0,-0.061429437412527765,-0.055073940571828024,-0.055073940571828024,-0.055073940571828024,3.1534570462022997,-0.7106845028279305,2.0451147615774894,1.3110338431399042,0,Aromatic Carbon
Propofol,6,C,6,2,0,4,2,1,1,6,1,2,0,0,0,2,0,0,0,-0.055073940571828024,-0.03236809225842721,-0.0033067471043266516,-0.061429437412527765,3.152672540818443,-0.7113037626699033,1.9336465018136502,1.3995341037793416,0,Aromatic Carbon
Propofol,7,C,6,3,0,4,2,1,1,6,0,3,0,0,0,2,1,0,0,-0.0033067471043266516,0.016227405271677015,0.12197294149608193,-0.055073940571828024,3.2597635173916673,0.8024839659306906,2.252769593875681,1.271762651458422,0,Aromatic Carbon
Propofol,8,C,6,3,0,4,3,0,0,0,1,3,0,0,0,1,3,0,0,-0.01821678510922286,-0.040131515238160685,-0.0033067471043266516,-0.058543899305077696,-3.084232527513288,2.4804972232131677,-0.43069996188084203,-1.71903412995589,5,Saturated Ring Atom
Propofol,9,C,6,1,0,4,3,0,0,0,3,1,0,0,0,0,1,0,0,-0.058543899305077696,-0.01821678510922286,-0.01821678510922286,-0.01821678510922286,-3.544675777119306,-0.4691232663979692,-2.0121521315953608,-1.1702483883603265,1,Aliphatic sp3 Atom
Propofol,10,C,6,1,0,4,3,0,0,0,3,1,0,0,0,0,1,0,0,-0.058543899305077696,-0.01821678510922286,-0.01821678510922286,-0.01821678510922286,-3.544675777119306,-0.4691232663979692,-2.0121521315953608,-1.1702483883603265,1,Aliphatic sp3 Atom
Propofol,11,C,6,3,0,4,2,1,1,6,0,2,0,1,0,2,1,0,0,0.12197294149608193,-0.17132559990393068,-0.0033067471043266516,-0.5073633055031387,3.108120379057676,0.6559156170250233,3.3568844443292982,-1.418536299331922,7,Activated Aromatic/Heteroaromatic
Propofol,12,O,8,1,0,2,2,0,0,0,1,1,0,0,0,1,1,0,0,-0.5073633055031387,0.12197294149608193,0.12197294149608193,0.12197294149608193,-3.4453459999475844,-1.3673939799674009,-3.4373614619354877,1.7635070188776962,2,Electron-Rich Heteroatom
rac-Etomidate,0,C,6,1,0,4,3,0,0,0,3,1,0,0,0,0,1,0,0,-0.030521446915650285,0.08887910609820208,0.08887910609820208,0.08887910609820208,-3.5482586542341865,-0.4833109594180911,-2.4952842224880722,-0.6466229192637696,1,Aliphatic sp3 Atom
rac-Etomidate,1,C,6,2,0,4,3,0,0,0,2,1,0,1,0,0,2,0,0,0.08887910609820208,-0.24589752251744332,-0.030521446915650285,-0.46127359811923635,-3.5883966621424372,0.9004585110631975,-0.44218611670276475,-4.145952822404174,3,Heteroatom-Adjacent Carbon
rac-Etomidate,2,O,8,2,0,2,2,0,0,0,0,2,0,0,0,0,2,0,0,-0.46127359811923635,0.2225005231778515,0.3561219402575009,0.08887910609820208,-3.5817241019598787,0.23246409669087953,-3.6979241129502753,1.5874146715721267,2,Electron-Rich Heteroatom
rac-Etomidate,3,C,6,3,0,4,2,0,0,0,0,1,0,2,0,1,2,1,0,0.3561219402575009,-0.18609725517475204,0.14734931712809346,-0.46127359811923635,-3.235990625597101,1.2549081591083935,0.1837746377630221,-4.9513969880962705,4,Carbonyl Carbon
rac-Etomidate,4,O,8,1,0,2,2,0,0,0,0,1,0,0,0,0,0,1,0,-0.24436748453311322,0.3561219402575009,0.3561219402575009,0.3561219402575009,-3.6014438809251046,-2.0311883047801365,-4.895522184329099,2.191191702649773,6,Carbonyl Oxygen
rac-Etomidate,5,C,6,3,0,4,2,1,1,5,0,2,1,0,0,2,1,0,0,0.14734931712809346,0.03271996988135861,0.3561219402575009,-0.317815131019987,2.2246759794892292,0.5623878026968958,2.2232266417649327,0.0716772901312232,7,Activated Aromatic/Heteroaromatic
rac-Etomidate,6,C,6,2,0,4,2,1,1,5,1,1,1,0,0,2,0,0,0,0.05985310040656195,-0.0484499487551914,0.14734931712809346,-0.24424921463847626,2.1177172298909084,-0.9586785063246812,1.9502359090048569,0.25074575435785584,7,Activated Aromatic/Heteroaromatic
rac-Etomidate,7,N,7,2,0,3,2,1,1,5,0,2,0,0,0,2,0,0,0,-0.24424921463847626,0.07782765368894573,0.0958022069713295,0.05985310040656195,2.1302948736637393,-1.0556952579046754,0.6241173358803027,2.5773414647039012,0,Aromatic Carbon
rac-Etomidate,8,C,6,2,0,4,2,1,1,5,1,0,2,0,0,2,0,0,0,0.0958022069713295,-0.28103217282923165,-0.24424921463847626,-0.317815131019987,2.003908759515006,-1.1978477969891497,3.1399834838510934,-1.598017317227593,7,Activated Aromatic/Heteroaromatic
rac-Etomidate,9,N,7,3,0,3,2,1,1,5,0,3,0,0,0,2,1,0,0,-0.317815131019987,0.1002048363503494,0.14734931712809346,0.05746298495162522,2.2374593919312304,0.45210534818364856,0.9544767752233021,2.540221654550982,0,Aromatic Carbon
rac-Etomidate,10,C,6,3,0,4,3,0,0,0,1,2,1,0,0,2,3,0,0,0.05746298495162522,-0.1277322393480216,-0.025420359519245518,-0.317815131019987,-2.9599498438282406,2.1634748735089504,0.5172383665743067,-2.9990644230890187,3,Heteroatom-Adjacent Carbon
rac-Etomidate,11,C,6,1,0,4,3,0,0,0,3,1,0,0,0,0,1,0,0,-0.03996122750483237,0.05746298495162522,0.05746298495162522,0.05746298495162522,-3.5472200661748365,-0.4792346072279421,-2.355226945900527,-0.797749102452221,1,Aliphatic sp3 Atom
rac-Etomidate,12,C,6,3,0,4,2,1,1,6,0,3,0,0,0,2,1,0,0,-0.025420359519245518,-0.01882115792557794,0.05746298495162522,-0.05696322936417952,3.260789703116464,0.8034936484257642,2.3980892228239243,1.1557074484334389,0,Aromatic Carbon
rac-Etomidate,13,C,6,2,0,4,2,1,1,6,1,2,0,0,0,2,0,0,0,-0.05696322936417952,-0.04366835299359128,-0.025420359519245518,-0.06191634646793704,3.153072304290348,-0.7106098609603491,1.989657471361545,1.3501798978536255,0,Aromatic Carbon
rac-Etomidate,14,C,6,2,0,4,2,1,1,6,1,2,0,0,0,2,0,0,0,-0.06191634646793704,-0.059604682877940546,-0.05696322936417952,-0.06224613639170157,3.153613098267351,-0.7098208049442132,2.0656361637279748,1.2854926050309154,0,Aromatic Carbon
rac-Etomidate,15,C,6,2,0,4,2,1,1,6,1,2,0,0,0,2,0,0,0,-0.06224613639170157,-0.06191634646793704,-0.06191634646793704,-0.06191634646793704,3.153695884946744,-0.7097097434171982,2.0773136001745764,1.2756014318292368,0,Aromatic Carbon
rac-Etomidate,16,C,6,2,0,4,2,1,1,6,1,2,0,0,0,2,0,0,0,-0.06191634646793704,-0.059604682877940546,-0.05696322936417952,-0.06224613639170157,3.153613098267351,-0.7098208049442132,2.0656361637279748,1.2854926050309154,0,Aromatic Carbon
rac-Etomidate,17,C,6,2,0,4,2,1,1,6,1,2,0,0,0,2,0,0,0,-0.05696322936417952,-0.04366835299359128,-0.025420359519245518,-0.06191634646793704,3.153072304290348,-0.7106098609603491,1.989657471361545,1.3501798978536255,0,Aromatic Carbon
(S)-Ibuprofen,0,C,6,1,0,4,3,0,0,0,3,1,0,0,0,0,1,0,0,-0.06245589069280734,-0.04307412588969147,-0.04307412588969147,-0.04307412588969147,-3.543817750419986,-0.4656484191517394,-1.8964712073242274,-1.2970489160810967,1,Aliphatic sp3 Atom
(S)-Ibuprofen,1,C,6,3,0,4,3,0,0,0,1,3,0,0,0,0,3,0,0,-0.04307412588969147,-0.05015861236280941,-0.025564055702813556,-0.06245589069280734,-3.325926128367316,2.5663975724788157,-0.7490846761479256,-1.958701886072134,5,Saturated Ring Atom
(S)-Ibuprofen,2,C,6,1,0,4,3,0,0,0,3,1,0,0,0,0,1,0,0,-0.06245589069280734,-0.04307412588969147,-0.04307412588969147,-0.04307412588969147,-3.543817750419986,-0.4656484191517394,-1.8964712073242274,-1.2970489160810967,1,Aliphatic sp3 Atom
(S)-Ibuprofen,3,C,6,2,0,4,3,0,0,0,2,2,0,0,0,1,2,0,0,-0.025564055702813556,-0.045409150272186984,-0.04307412588969147,-0.047744174654682496,-3.1926679983557222,0.965272560930182,-0.934889355904099,-1.4475944765118245,1,Aliphatic sp3 Atom
(S)-Ibuprofen,4,C,6,3,0,4,2,1,1,6,0,3,0,0,0,2,1,0,0,-0.047744174654682496,-0.047677703653103816,-0.025564055702813556,-0.05873452762824895,3.261980343430585,0.804323410423013,2.561354165394103,1.0334199611928914,0,Aromatic Carbon
(S)-Ibuprofen,5,C,6,2,0,4,2,1,1,6,1,2,0,0,0,2,0,0,0,-0.05873452762824895,-0.05282727521991312,-0.047744174654682496,-0.057910375785143756,3.1533982754427563,-0.7104215993517164,2.0361807581226197,1.3139475889034207,0,Aromatic Carbon
(S)-Ibuprofen,6,C,6,2,0,4,2,1,1,6,1,2,0,0,0,2,0,0,0,-0.057910375785143756,-0.046411111417850676,-0.0340876952074524,-0.05873452762824895,3.153167657460387,-0.7107436600651913,2.0036747584449914,1.341654411585969,0,Aromatic Carbon
(S)-Ibuprofen,7,C,6,3,0,4,2,1,1,6,0,3,0,0,0,2,1,0,0,-0.0340876952074524,-0.012320462555088335,0.0788593639050225,-0.057910375785143756,3.26036315699661,0.8024431992169436,2.339933905872338,1.2116332809335588,0,Aromatic Carbon
(S)-Ibuprofen,8,C,6,3,0,4,3,0,0,0,1,3,0,0,0,1,3,0,0,0.0788593639050225,0.07611077980007004,0.3101853515323108,-0.0477653169246483,-3.0887292010939222,2.477515481106777,-1.0490449583699453,-1.2583154334084437,5,Saturated Ring Atom
(S)-Ibuprofen,9,C,6,1,0,4,3,0,0,0,3,1,0,0,0,0,1,0,0,-0.0477653169246483,0.0788593639050225,0.0788593639050225,0.0788593639050225,-3.54807252570303,-0.483009295700088,-2.470076038064814,-0.6659117719375587,1,Aliphatic sp3 Atom
(S)-Ibuprofen,10,C,6,3,0,4,2,0,0,0,0,1,0,2,0,0,2,1,0,0.3101853515323108,-0.21789586409405112,0.0788593639050225,-0.4807885019257389,-3.476870989937911,1.3422765615868633,-0.02544540722314221,-5.2828777786412005,4,Carbonyl Carbon
(S)-Ibuprofen,11,O,8,1,0,2,2,0,0,0,0,1,0,0,0,0,0,1,0,-0.2517584542614369,0.3101853515323108,0.3101853515323108,0.3101853515323108,-3.599859887227892,-2.024778090076633,-4.681963721130637,1.9571913841449404,6,Carbonyl Oxygen
(S)-Ibuprofen,12,O,8,1,0,2,2,0,0,0,1,1,0,0,0,0,1,0,0,-0.4807885019257389,0.3101853515323108,0.3101853515323108,0.3101853515323108,-3.693761008312416,-1.307344713774917,-4.662676827273351,2.496515810193438,2,Electron-Rich Heteroatom
(S)-Ibuprofen,13,C,6,2,0,4,2,1,1,6,1,2,0,0,0,2,0,0,0,-0.057910375785143756,-0.046411111417850676,-0.0340876952074524,-0.05873452762824895,3.153167657460387,-0.7107436600651913,2.0036747584449914,1.341654411585969,0,Aromatic Carbon
(S)-Ibuprofen,14,C,6,2,0,4,2,1,1,6,1,2,0,0,0,2,0,0,0,-0.05873452762824895,-0.05282727521991312,-0.047744174654682496,-0.057910375785143756,3.1533982754427563,-0.7104215993517164,2.0361807581226197,1.3139475889034207,0,Aromatic Carbon
(R)-Ibuprofen,0,C,6,1,0,4,3,0,0,0,3,1,0,0,0,0,1,0,0,-0.06245589069280734,-0.04307412588969147,-0.04307412588969147,-0.04307412588969147,-3.543817750419986,-0.4656484191517394,-1.8964712073242274,-1.2970489160810967,1,Aliphatic sp3 Atom
(R)-Ibuprofen,1,C,6,3,0,4,3,0,0,0,1,3,0,0,0,0,3,0,0,-0.04307412588969147,-0.05015861236280941,-0.025564055702813556,-0.06245589069280734,-3.325926128367316,2.5663975724788157,-0.7490846761479256,-1.958701886072134,5,Saturated Ring Atom
(R)-Ibuprofen,2,C,6,1,0,4,3,0,0,0,3,1,0,0,0,0,1,0,0,-0.06245589069280734,-0.04307412588969147,-0.04307412588969147,-0.04307412588969147,-3.543817750419986,-0.4656484191517394,-1.8964712073242274,-1.2970489160810967,1,Aliphatic sp3 Atom
(R)-Ibuprofen,3,C,6,2,0,4,3,0,0,0,2,2,0,0,0,1,2,0,0,-0.025564055702813556,-0.045409150272186984,-0.04307412588969147,-0.047744174654682496,-3.1926679983557222,0.965272560930182,-0.934889355904099,-1.4475944765118245,1,Aliphatic sp3 Atom
(R)-Ibuprofen,4,C,6,3,0,4,2,1,1,6,0,3,0,0,0,2,1,0,0,-0.047744174654682496,-0.047677703653103816,-0.025564055702813556,-0.05873452762824895,3.261980343430585,0.804323410423013,2.561354165394103,1.0334199611928914,0,Aromatic Carbon
(R)-Ibuprofen,5,C,6,2,0,4,2,1,1,6,1,2,0,0,0,2,0,0,0,-0.05873452762824895,-0.05282727521991312,-0.047744174654682496,-0.057910375785143756,3.1533982754427563,-0.7104215993517164,2.0361807581226197,1.3139475889034207,0,Aromatic Carbon
(R)-Ibuprofen,6,C,6,2,0,4,2,1,1,6,1,2,0,0,0,2,0,0,0,-0.057910375785143756,-0.046411111417850676,-0.0340876952074524,-0.05873452762824895,3.153167657460387,-0.7107436600651913,2.0036747584449914,1.341654411585969,0,Aromatic Carbon
(R)-Ibuprofen,7,C,6,3,0,4,2,1,1,6,0,3,0,0,0,2,1,0,0,-0.0340876952074524,-0.012320462555088335,0.0788593639050225,-0.057910375785143756,3.26036315699661,0.8024431992169436,2.339933905872338,1.2116332809335588,0,Aromatic Carbon
(R)-Ibuprofen,8,C,6,3,0,4,3,0,0,0,1,3,0,0,0,1,3,0,0,0.0788593639050225,0.07611077980007004,0.3101853515323108,-0.0477653169246483,-3.0887292010939222,2.477515481106777,-1.0490449583699453,-1.2583154334084437,5,Saturated Ring Atom
(R)-Ibuprofen,9,C,6,1,0,4,3,0,0,0,3,1,0,0,0,0,1,0,0,-0.0477653169246483,0.0788593639050225,0.0788593639050225,0.0788593639050225,-3.54807252570303,-0.483009295700088,-2.470076038064814,-0.6659117719375587,1,Aliphatic sp3 Atom
(R)-Ibuprofen,10,C,6,3,0,4,2,0,0,0,0,1,0,2,0,0,2,1,0,0.3101853515323108,-0.21789586409405112,0.0788593639050225,-0.4807885019257389,-3.476870989937911,1.3422765615868633,-0.02544540722314221,-5.2828777786412005,4,Carbonyl Carbon
(R)-Ibuprofen,11,O,8,1,0,2,2,0,0,0,0,1,0,0,0,0,0,1,0,-0.2517584542614369,0.3101853515323108,0.3101853515323108,0.3101853515323108,-3.599859887227892,-2.024778090076633,-4.681963721130637,1.9571913841449404,6,Carbonyl Oxygen
(R)-Ibuprofen,12,O,8,1,0,2,2,0,0,0,1,1,0,0,0,0,1,0,0,-0.4807885019257389,0.3101853515323108,0.3101853515323108,0.3101853515323108,-3.693761008312416,-1.307344713774917,-4.662676827273351,2.496515810193438,2,Electron-Rich Heteroatom
(R)-Ibuprofen,13,C,6,2,0,4,2,1,1,6,1,2,0,0,0,2,0,0,0,-0.057910375785143756,-0.046411111417850676,-0.0340876952074524,-0.05873452762824895,3.153167657460387,-0.7107436600651913,2.0036747584449914,1.341654411585969,0,Aromatic Carbon
(R)-Ibuprofen,14,C,6,2,0,4,2,1,1,6,1,2,0,0,0,2,0,0,0,-0.05873452762824895,-0.05282727521991312,-0.047744174654682496,-0.057910375785143756,3.1533982754427563,-0.7104215993517164,2.0361807581226197,1.3139475889034207,0,Aromatic Carbon
(S)-Naproxen,0,C,6,1,0,4,3,0,0,0,3,0,0,1,0,0,1,0,0,0.07750708225032314,-0.4967451042461023,-0.4967451042461023,-0.4967451042461023,-3.6880399909212467,-0.5943559417423967,0.279519182719148,-5.0275347916258,3,Heteroatom-Adjacent Carbon
(S)-Naproxen,1,O,8,2,0,2,2,0,0,0,0,2,0,0,0,1,2,0,0,-0.4967451042461023,0.09825323083080656,0.11899937941128998,0.07750708225032314,-3.335597325607747,0.15297776726066115,-2.758915998177792,1.303402298958363,2,Electron-Rich Heteroatom
(S)-Naproxen,2,C,6,3,0,4,2,1,1,6,0,2,0,1,0,2,1,0,0,0.11899937941128998,-0.17606926012413016,-0.012117409376485505,-0.4967451042461023,3.108131373463951,0.655074078635117,3.362503567146694,-1.4136567095583359,7,Activated Aromatic/Heteroaromatic
(S)-Naproxen,3,C,6,2,0,4,2,1,1,6,1,2,0,0,0,2,0,0,0,-0.019345266749802616,0.034154672642756165,0.11899937941128998,-0.05069003412577764,3.1505779643464265,-0.7143017874463458,1.6401660504355313,1.6459641181552203,0,Aromatic Carbon
(S)-Naproxen,4,C,6,2,0,4,2,1,1,6,1,2,0,0,0,2,0,0,0,-0.05069003412577764,-0.018589042192540643,-0.017832817635278667,-0.019345266749802616,3.1522478536628395,-0.7153728168627405,1.8819048001801986,1.4864330288002796,0,Aromatic Carbon
(S)-Naproxen,5,C,6,3,0,4,2,1,1,6,0,3,0,0,0,3,0,0,0,-0.017832817635278667,-0.0385625240833677,-0.014701489682021975,-0.05069003412577764,3.63345581427748,0.01835411475152915,2.9984501886352266,1.59032079593473,0,Aromatic Carbon
(S)-Naproxen,6,C,6,2,0,4,2,1,1,6,1,2,0,0,0,2,0,0,0,-0.05029604844230349,-0.02565086629529991,-0.017832817635278667,-0.03346891495532115,3.1524998885335296,-0.7137066424650342,1.9144936338376555,1.4420852667807864,0,Aromatic Carbon
(S)-Naproxen,7,C,6,3,0,4,2,1,1,6,0,3,0,0,0,2,1,0,0,-0.03346891495532115,-0.009652949246528424,0.07888074829045653,-0.05754354758773832,3.26033449739062,0.8023153542138912,2.335129023302363,1.2173844594707801,0,Aromatic Carbon
(S)-Naproxen,8,C,6,3,0,4,3,0,0,0,1,3,0,0,0,1,3,0,0,0.07888074829045653,0.07631728818621981,0.31018572532324495,-0.04776494580926435,-3.0887313408852455,2.477506261673188,-1.049414479784218,-1.2578712219344454,5,Saturated Ring Atom
(S)-Naproxen,9,C,6,1,0,4,3,0,0,0,3,1,0,0,0,0,1,0,0,-0.04776494580926435,0.07888074829045653,0.07888074829045653,0.07888074829045653,-3.548073294378717,-0.483012495103067,-2.4701796507228515,-0.6657966052923484,1,Aliphatic sp3 Atom
(S)-Naproxen,10,C,6,3,0,4,2,0,0,0,0,1,0,2,0,0,2,1,0,0.31018572532324495,-0.21788873419632868,0.07888074829045653,-0.48078849988584493,-3.47687134257698,1.3422760273478476,-0.025493632554489578,-5.282836940399105,4,Carbonyl Carbon
(S)-Naproxen,11,O,8,1,0,2,2,0,0,0,0,1,0,0,0,0,0,1,0,-0.25175845099359756,0.31018572532324495,0.31018572532324495,0.31018572532324495,-3.5998599006968717,-2.024778146226797,-4.681965536642069,1.957193403752897,6,Carbonyl Oxygen
(S)-Naproxen,12,O,8,1,0,2,2,0,0,0,1,1,0,0,0,0,1,0,0,-0.48078849988584493,0.31018572532324495,0.31018572532324495,0.31018572532324495,-3.693761021793915,-1.3073447700112202,-4.662678644463766,2.496517832295626,2,Electron-Rich Heteroatom
(S)-Naproxen,13,C,6,2,0,4,2,1,1,6,1,2,0,0,0,2,0,0,0,-0.05754354758773832,-0.043707414552941914,-0.03346891495532115,-0.053945914150562685,3.153075821271742,-0.7112950170405199,1.9917010920570313,1.3571204449170111,0,Aromatic Carbon
(S)-Naproxen,14,C,6,2,0,4,2,1,1,6,1,2,0,0,0,2,0,0,0,-0.053945914150562685,-0.03612251863488015,-0.014701489682021975,-0.05754354758773832,3.1528273141113465,-0.711278711992779,1.9559939834652118,1.3825890378767376,0,Aromatic Carbon
(S)-Naproxen,15,C,6,3,0,4,2,1,1,6,0,3,0,0,0,3,0,0,0,-0.014701489682021975,-0.027965380387442285,-0.012117409376485505,-0.053945914150562685,3.6333726083485485,0.018295959202704992,2.9823489395964313,1.6057186362285998,0,Aromatic Carbon
(S)-Naproxen,16,C,6,2,0,4,2,1,1,6,1,2,0,0,0,2,0,0,0,-0.012117409376485505,0.052148944864634,0.11899937941128998,-0.014701489682021975,3.1500196802901903,-0.7179699306929095,1.568381653143327,1.7422463142047853,0,Aromatic Carbon
(+)-Etomidate,0,C,6,1,0,4,3,0,0,0,3,1,0,0,0,0,1,0,0,-0.030521446915650285,0.08887910609820208,0.08887910609820208,0.08887910609820208,-3.5482586542341865,-0.4833109594180911,-2.4952842224880722,-0.6466229192637696,1,Aliphatic sp3 Atom
(+)-Etomidate,1,C,6,2,0,4,3,0,0,0,2,1,0,1,0,0,2,0,0,0.08887910609820208,-0.24589752251744332,-0.030521446915650285,-0.46127359811923635,-3.5883966621424372,0.9004585110631975,-0.44218611670276475,-4.145952822404174,3,Heteroatom-Adjacent Carbon
(+)-Etomidate,2,O,8,2,0,2,2,0,0,0,0,2,0,0,0,0,2,0,0,-0.46127359811923635,0.2225005231778515,0.3561219402575009,0.08887910609820208,-3.5817241019598787,0.23246409669087953,-3.6979241129502753,1.5874146715721267,2,Electron-Rich Heteroatom
(+)-Etomidate,3,C,6,3,0,4,2,0,0,0,0,1,0,2,0,1,2,1,0,0.3561219402575009,-0.18609725517475204,0.14734931712809346,-0.46127359811923635,-3.235990625597101,1.2549081591083935,0.1837746377630221,-4.9513969880962705,4,Carbonyl Carbon
(+)-Etomidate,4,O,8,1,0,2,2,0,0,0,0,1,0,0,0,0,0,1,0,-0.24436748453311322,0.3561219402575009,0.3561219402575009,0.3561219402575009,-3.6014438809251046,-2.0311883047801365,-4.895522184329099,2.191191702649773,6,Carbonyl Oxygen
(+)-Etomidate,5,C,6,3,0,4,2,1,1,5,0,2,1,0,0,2,1,0,0,0.14734931712809346,0.03271996988135861,0.3561219402575009,-0.317815131019987,2.2246759794892292,0.5623878026968958,2.2232266417649327,0.0716772901312232,7,Activated Aromatic/Heteroaromatic
(+)-Etomidate,6,C,6,2,0,4,2,1,1,5,1,1,1,0,0,2,0,0,0,0.05985310040656195,-0.0484499487551914,0.14734931712809346,-0.24424921463847626,2.1177172298909084,-0.9586785063246812,1.9502359090048569,0.25074575435785584,7,Activated Aromatic/Heteroaromatic
(+)-Etomidate,7,N,7,2,0,3,2,1,1,5,0,2,0,0,0,2,0,0,0,-0.24424921463847626,0.07782765368894573,0.0958022069713295,0.05985310040656195,2.1302948736637393,-1.0556952579046754,0.6241173358803027,2.5773414647039012,0,Aromatic Carbon
(+)-Etomidate,8,C,6,2,0,4,2,1,1,5,1,0,2,0,0,2,0,0,0,0.0958022069713295,-0.28103217282923165,-0.24424921463847626,-0.317815131019987,2.003908759515006,-1.1978477969891497,3.1399834838510934,-1.598017317227593,7,Activated Aromatic/Heteroaromatic
(+)-Etomidate,9,N,7,3,0,3,2,1,1,5,0,3,0,0,0,2,1,0,0,-0.317815131019987,0.1002048363503494,0.14734931712809346,0.05746298495162522,2.2374593919312304,0.45210534818364856,0.9544767752233021,2.540221654550982,0,Aromatic Carbon
(+)-Etomidate,10,C,6,3,0,4,3,0,0,0,1,2,1,0,0,2,3,0,0,0.05746298495162522,-0.1277322393480216,-0.025420359519245518,-0.317815131019987,-2.9599498438282406,2.1634748735089504,0.5172383665743067,-2.9990644230890187,3,Heteroatom-Adjacent Carbon
(+)-Etomidate,11,C,6,1,0,4,3,0,0,0,3,1,0,0,0,0,1,0,0,-0.03996122750483237,0.05746298495162522,0.05746298495162522,0.05746298495162522,-3.5472200661748365,-0.4792346072279421,-2.355226945900527,-0.797749102452221,1,Aliphatic sp3 Atom
(+)-Etomidate,12,C,6,3,0,4,2,1,1,6,0,3,0,0,0,2,1,0,0,-0.025420359519245518,-0.01882115792557794,0.05746298495162522,-0.05696322936417952,3.260789703116464,0.8034936484257642,2.3980892228239243,1.1557074484334389,0,Aromatic Carbon
(+)-Etomidate,13,C,6,2,0,4,2,1,1,6,1,2,0,0,0,2,0,0,0,-0.05696322936417952,-0.04366835299359128,-0.025420359519245518,-0.06191634646793704,3.153072304290348,-0.7106098609603491,1.989657471361545,1.3501798978536255,0,Aromatic Carbon
(+)-Etomidate,14,C,6,2,0,4,2,1,1,6,1,2,0,0,0,2,0,0,0,-0.06191634646793704,-0.059604682877940546,-0.05696322936417952,-0.06224613639170157,3.153613098267351,-0.7098208049442132,2.0656361637279748,1.2854926050309154,0,Aromatic Carbon
(+)-Etomidate,15,C,6,2,0,4,2,1,1,6,1,2,0,0,0,2,0,0,0,-0.06224613639170157,-0.06191634646793704,-0.06191634646793704,-0.06191634646793704,3.153695884946744,-0.7097097434171982,2.0773136001745764,1.2756014318292368,0,Aromatic Carbon
(+)-Etomidate,16,C,6,2,0,4,2,1,1,6,1,2,0,0,0,2,0,0,0,-0.06191634646793704,-0.059604682877940546,-0.05696322936417952,-0.06224613639170157,3.153613098267351,-0.7098208049442132,2.0656361637279748,1.2854926050309154,0,Aromatic Carbon
(+)-Etomidate,17,C,6,2,0,4,2,1,1,6,1,2,0,0,0,2,0,0,0,-0.05696322936417952,-0.04366835299359128,-0.025420359519245518,-0.06191634646793704,3.153072304290348,-0.7106098609603491,1.989657471361545,1.3501798978536255,0,Aromatic Carbon
Levetiracetam,0,C,6,1,0,4,3,0,0,0,3,1,0,0,0,0,1,0,0,-0.06290061059440191,-0.02631692354454601,-0.02631692354454601,-0.02631692354454601,-3.5444275981438826,-0.4682071272173567,-1.978669715442844,-1.2053081580831668,1,Aliphatic sp3 Atom
Levetiracetam,1,C,6,2,0,4,3,0,0,0,2,2,0,0,0,0,2,0,0,-0.02631692354454601,0.02354911624332956,0.10999884308106103,-0.06290061059440191,-3.437138111050094,1.0482218873533826,-1.6447218667690926,-1.3682631815445279,5,Saturated Ring Atom
Levetiracetam,2,C,6,3,0,4,3,0,0,0,1,2,1,0,0,0,3,0,0,0.10999884308106103,-0.03909266293255396,0.23971775495040148,-0.33067882020351735,-3.4474578536227725,2.3345076603248263,-0.6893151431151991,-3.080566565836873,3,Heteroatom-Adjacent Carbon
Levetiracetam,3,C,6,3,0,4,2,0,0,0,0,1,1,1,0,0,2,1,0,0.23971775495040148,-0.17694421562818333,0.10999884308106103,-0.367882042868755,-3.4404955110805737,1.2678510476732754,-0.21922899521417855,-4.438655011257887,4,Carbonyl Carbon
Levetiracetam,4,N,7,1,0,3,2,0,0,0,2,1,0,0,0,0,1,0,0,-0.367882042868755,0.23971775495040148,0.23971775495040148,0.23971775495040148,-3.587390141608226,-0.9827363363668806,-3.7665601170449468,1.6269956898193931,2,Electron-Rich Heteroatom
Levetiracetam,5,O,8,1,0,2,2,0,0,0,0,1,0,0,0,0,0,1,0,-0.27294944709685603,0.23971775495040148,0.23971775495040148,0.23971775495040148,-3.5975304686168825,-2.0156358777109054,-4.367833244311089,1.6182443289303556,6,Carbonyl Oxygen
Levetiracetam,6,N,7,3,0,3,2,0,1,5,0,3,0,0,0,0,3,0,0,-0.33067882020351735,0.11820552920268128,0.22281591363006695,0.021801830896915866,1.3575474426538734,2.112710531396183,-0.7543599662357179,1.0054057443520212,5,Saturated Ring Atom
Levetiracetam,7,C,6,2,0,4,3,0,1,5,2,1,1,0,0,0,2,0,0,0.021801830896915866,-0.17864349242814473,-0.026608164652772128,-0.33067882020351735,1.1706171844048074,0.8615850695296441,0.6438735701661645,-2.480496525209659,3,Heteroatom-Adjacent Carbon
Levetiracetam,8,C,6,2,0,4,3,0,1,5,2,2,0,0,0,0,2,0,0,-0.026608164652772128,0.025093235391380253,0.028384639885844644,0.021801830896915866,1.285648848467551,1.079242133103918,-0.3207579941210758,-0.5332585462612648,5,Saturated Ring Atom
Levetiracetam,9,C,6,2,0,4,3,0,1,5,2,2,0,0,0,0,2,0,0,0.028384639885844644,0.09810387448864741,0.22281591363006695,-0.026608164652772128,1.2834505763857806,1.081946367846979,-0.6411789394042997,-0.3397415594063257,5,Saturated Ring Atom
Levetiracetam,10,C,6,3,0,4,2,0,1,5,0,1,1,1,0,0,2,1,0,0.22281591363006695,-0.19239454857283975,0.028384639885844644,-0.33067882020351735,1.2828793776412222,1.3028672043489857,1.1768026931353135,-3.7004507310933312,4,Carbonyl Carbon
Levetiracetam,11,O,8,1,0,2,2,0,0,0,0,1,0,0,0,0,0,1,0,-0.2748894654008465,0.22281591363006695,0.22281591363006695,0.22281591363006695,-3.596939709845437,-2.0132226388163543,-4.288191168310805,1.5305634491432154,6,Carbonyl Oxygen
Pregabalin,0,C,6,1,0,4,3,0,0,0,3,1,0,0,0,0,1,0,0,-0.06276239582164712,-0.04680629067045648,-0.04680629067045648,-0.04680629067045648,-3.5436860599427193,-0.4651069924421698,-1.8787184691174186,-1.316657652143921,1,Aliphatic sp3 Atom
Pregabalin,1,C,6,3,0,4,3,0,0,0,1,3,0,0,0,0,3,0,0,-0.04680629067045648,-0.057291652413342685,-0.04635016559673381,-0.06276239582164712,-3.3256117819556965,2.566718480947767,-0.7060267854853249,-1.9926123036679977,5,Saturated Ring Atom
Pregabalin,2,C,6,1,0,4,3,0,0,0,3,1,0,0,0,0,1,0,0,-0.06276239582164712,-0.04680629067045648,-0.04680629067045648,-0.04680629067045648,-3.5436860599427193,-0.4651069924421698,-1.8787184691174186,-1.316657652143921,1,Aliphatic sp3 Atom
Pregabalin,3,C,6,2,0,4,3,0,0,0,2,2,0,0,0,0,2,0,0,-0.04635016559673381,-0.0325796702720066,-0.01835304987355673,-0.04680629067045648,-3.4352425019371062,1.049418338829673,-1.3749560828362686,-1.5779695842720896,1,Aliphatic sp3 Atom
Pregabalin,4,C,6,3,0,4,3,0,0,0,1,3,0,0,0,0,3,0,0,-0.01835304987355673,-0.0004353471438654557,0.04935918412719745,-0.04635016559673381,-3.3273955077733093,2.56343685637993,-0.9547156924041215,-1.7742089447430454,5,Saturated Ring Atom
Pregabalin,5,C,6,2,0,4,3,0,0,0,2,1,1,0,0,0,2,0,0,-0.004315059962060008,-0.17426712095631894,-0.01835304987355673,-0.33018119203908114,-3.552573474034883,0.8213821525838858,-0.7188255318044755,-3.170639285038592,3,Heteroatom-Adjacent Carbon
Pregabalin,6,N,7,1,0,3,3,0,0,0,2,1,0,0,0,0,1,0,0,-0.33018119203908114,-0.004315059962060008,-0.004315059962060008,-0.004315059962060008,-3.650621684101258,-0.7963344298733865,-2.8498851269472127,-0.2849426571518924,1,Aliphatic sp3 Atom
Pregabalin,7,C,6,2,0,4,3,0,0,0,2,2,0,0,0,0,2,0,0,0.04935918412719745,0.1424094452307192,0.3031719403349951,-0.01835304987355673,-3.4407345301965933,1.0416364748237656,-2.1445356435958245,-0.9330832703433072,5,Saturated Ring Atom
Pregabalin,8,C,6,3,0,4,2,0,0,0,0,1,0,2,0,0,2,1,0,0.3031719403349951,-0.22811188206339358,0.04935918412719745,-0.48122220770897245,-3.476441325348957,1.3426162594951467,0.03349296566545805,-5.327733204172269,4,Carbonyl Carbon
Pregabalin,9,O,8,1,0,2,2,0,0,0,0,1,0,0,0,0,0,1,0,-0.2524726226084057,0.3031719403349951,0.3031719403349951,0.3031719403349951,-3.5996138259740347,-2.0237703453558735,-4.648792070457722,1.9206237247371438,6,Carbonyl Oxygen
Pregabalin,10,O,8,1,0,2,2,0,0,0,1,1,0,0,0,0,1,0,0,-0.48122220770897245,0.3031719403349951,0.3031719403349951,0.3031719403349951,-3.6935120875920684,-1.3063172950898232,-4.629121697377961,2.4593784685417606,2,Electron-Rich Heteroatom
(-)-Etomidate,0,C,6,1,0,4,3,0,0,0,3,1,0,0,0,0,1,0,0,-0.030521446915650285,0.08887910609820208,0.08887910609820208,0.08887910609820208,-3.5482586542341865,-0.4833109594180911,-2.4952842224880722,-0.6466229192637696,1,Aliphatic sp3 Atom
(-)-Etomidate,1,C,6,2,0,4,3,0,0,0,2,1,0,1,0,0,2,0,0,0.08887910609820208,-0.24589752251744332,-0.030521446915650285,-0.46127359811923635,-3.5883966621424372,0.9004585110631975,-0.44218611670276475,-4.145952822404174,3,Heteroatom-Adjacent Carbon
(-)-Etomidate,2,O,8,2,0,2,2,0,0,0,0,2,0,0,0,0,2,0,0,-0.46127359811923635,0.2225005231778515,0.3561219402575009,0.08887910609820208,-3.5817241019598787,0.23246409669087953,-3.6979241129502753,1.5874146715721267,2,Electron-Rich Heteroatom
(-)-Etomidate,3,C,6,3,0,4,2,0,0,0,0,1,0,2,0,1,2,1,0,0.3561219402575009,-0.18609725517475204,0.14734931712809346,-0.46127359811923635,-3.235990625597101,1.2549081591083935,0.1837746377630221,-4.9513969880962705,4,Carbonyl Carbon
(-)-Etomidate,4,O,8,1,0,2,2,0,0,0,0,1,0,0,0,0,0,1,0,-0.24436748453311322,0.3561219402575009,0.3561219402575009,0.3561219402575009,-3.6014438809251046,-2.0311883047801365,-4.895522184329099,2.191191702649773,6,Carbonyl Oxygen
(-)-Etomidate,5,C,6,3,0,4,2,1,1,5,0,2,1,0,0,2,1,0,0,0.14734931712809346,0.03271996988135861,0.3561219402575009,-0.317815131019987,2.2246759794892292,0.5623878026968958,2.2232266417649327,0.0716772901312232,7,Activated Aromatic/Heteroaromatic
(-)-Etomidate,6,C,6,2,0,4,2,1,1,5,1,1,1,0,0,2,0,0,0,0.05985310040656195,-0.0484499487551914,0.14734931712809346,-0.24424921463847626,2.1177172298909084,-0.9586785063246812,1.9502359090048569,0.25074575435785584,7,Activated Aromatic/Heteroaromatic
(-)-Etomidate,7,N,7,2,0,3,2,1,1,5,0,2,0,0,0,2,0,0,0,-0.24424921463847626,0.07782765368894573,0.0958022069713295,0.05985310040656195,2.1302948736637393,-1.0556952579046754,0.6241173358803027,2.5773414647039012,0,Aromatic Carbon
(-)-Etomidate,8,C,6,2,0,4,2,1,1,5,1,0,2,0,0,2,0,0,0,0.0958022069713295,-0.28103217282923165,-0.24424921463847626,-0.317815131019987,2.003908759515006,-1.1978477969891497,3.1399834838510934,-1.598017317227593,7,Activated Aromatic/Heteroaromatic
(-)-Etomidate,9,N,7,3,0,3,2,1,1,5,0,3,0,0,0,2,1,0,0,-0.317815131019987,0.1002048363503494,0.14734931712809346,0.05746298495162522,2.2374593919312304,0.45210534818364856,0.9544767752233021,2.540221654550982,0,Aromatic Carbon
(-)-Etomidate,10,C,6,3,0,4,3,0,0,0,1,2,1,0,0,2,3,0,0,0.05746298495162522,-0.1277322393480216,-0.025420359519245518,-0.317815131019987,-2.9599498438282406,2.1634748735089504,0.5172383665743067,-2.9990644230890187,3,Heteroatom-Adjacent Carbon
(-)-Etomidate,11,C,6,1,0,4,3,0,0,0,3,1,0,0,0,0,1,0,0,-0.03996122750483237,0.05746298495162522,0.05746298495162522,0.05746298495162522,-3.5472200661748365,-0.4792346072279421,-2.355226945900527,-0.797749102452221,1,Aliphatic sp3 Atom
(-)-Etomidate,12,C,6,3,0,4,2,1,1,6,0,3,0,0,0,2,1,0,0,-0.025420359519245518,-0.01882115792557794,0.05746298495162522,-0.05696322936417952,3.260789703116464,0.8034936484257642,2.3980892228239243,1.1557074484334389,0,Aromatic Carbon
(-)-Etomidate,13,C,6,2,0,4,2,1,1,6,1,2,0,0,0,2,0,0,0,-0.05696322936417952,-0.04366835299359128,-0.025420359519245518,-0.06191634646793704,3.153072304290348,-0.7106098609603491,1.989657471361545,1.3501798978536255,0,Aromatic Carbon
(-)-Etomidate,14,C,6,2,0,4,2,1,1,6,1,2,0,0,0,2,0,0,0,-0.06191634646793704,-0.059604682877940546,-0.05696322936417952,-0.06224613639170157,3.153613098267351,-0.7098208049442132,2.0656361637279748,1.2854926050309154,0,Aromatic Carbon
(-)-Etomidate,15,C,6,2,0,4,2,1,1,6,1,2,0,0,0,2,0,0,0,-0.06224613639170157,-0.06191634646793704,-0.06191634646793704,-0.06191634646793704,3.153695884946744,-0.7097097434171982,2.0773136001745764,1.2756014318292368,0,Aromatic Carbon
(-)-Etomidate,16,C,6,2,0,4,2,1,1,6,1,2,0,0,0,2,0,0,0,-0.06191634646793704,-0.059604682877940546,-0.05696322936417952,-0.06224613639170157,3.153613098267351,-0.7098208049442132,2.0656361637279748,1.2854926050309154,0,Aromatic Carbon
(-)-Etomidate,17,C,6,2,0,4,2,1,1,6,1,2,0,0,0,2,0,0,0,-0.05696322936417952,-0.04366835299359128,-0.025420359519245518,-0.06191634646793704,3.153072304290348,-0.7106098609603491,1.989657471361545,1.3501798978536255,0,Aromatic Carbon
